Date,AAPL,JPM,MSFT,SPY,XOM
2020-01-03,-0.009721816730485888,-0.013196311668091876,-0.012451647652647946,-0.007571828915028278,-0.008039484875262515
2020-01-06,0.007968241214080019,-0.0007951402178854039,0.0025847693981337905,0.00381490304219656,0.007678005461732473
2020-01-07,-0.00470297510964135,-0.017000598397752253,-0.009118172220978105,-0.002811713526323145,-0.008183728967928294
2020-01-08,0.016086183391429865,0.007801117983227579,0.015928667308043876,0.00532958815953366,-0.01508030584438702
2020-01-09,0.021240478908623572,0.0036512474380956395,0.012492972093223642,0.006780668630741227,0.007655527952446173
2020-01-10,0.0022609244764462133,-0.009967998609052287,-0.00462699671026312,-0.0028778122819916874,-0.008887660339433556
2020-01-13,0.021364282640137233,0.008304536944510277,0.012024296182528982,0.006877367975224757,0.009545998581476534
2020-01-14,-0.013503097370782924,0.011661929250637915,-0.007042915578038711,-0.0015246421703621893,-0.008595982247894152
2020-01-15,-0.004285341734144521,-0.014985823403382614,0.006476215379489059,0.0022599118960702214,-0.001589804581814347
2020-01-16,0.012526123436218617,0.0038765611917819243,0.01832305640982712,0.008318297833544985,-0.003907903427112114
2020-01-17,0.011070985470154282,0.0069215964534894425,0.005597099379968773,0.003112536395252219,-0.003777902558200763
2020-01-21,-0.006776672170022979,-0.009840712179296163,-0.003591135164042747,-0.001958463236110042,-0.01429421121401031
2020-01-22,0.0035696158652618326,-0.0011692874382018825,-0.004804727760793326,0.00012105660136962904,-0.005770833356954275
2020-01-23,0.004815715976161483,-0.0010244316102698825,0.006155783730440234,0.0011467238046478645,-0.006250903754738912
2020-01-24,-0.0028821312230584706,-0.024827793211895544,-0.010076747523467766,-0.008893087451646187,-0.006739683474486724
2020-01-27,-0.02940522249729416,-0.00841150572219651,-0.01672326942254654,-0.01602930478532827,-0.02382374188187586
2020-01-28,0.028289300650146565,0.018177741396803615,0.019595905115191492,0.010479379103136566,-0.0013901870578389985
2020-01-29,0.02093265222115326,-0.0014877283406035113,0.015592652811852625,-0.0008263420984778724,-0.00835249717233788
2020-01-30,-0.001449470284052179,0.012366778768570175,0.028207686529158726,0.003245530672994601,0.010606665676533789
2020-01-31,-0.04433864993613168,-0.025976933790184398,-0.014758471967563858,-0.018157815595675753,-0.041210149497505566
2020-02-03,-0.0027465452730639495,0.007630713713102422,0.024378725524973888,0.007428482343069698,-0.0223758398721019
2020-02-04,0.0330138029804814,0.014396043591780927,0.032916308081849754,0.015241233413692878,-0.012514616675938672
2020-02-05,0.008154659947620102,0.01700022062256945,-0.0012211066973610851,0.011548011833685479,0.046023120546328844
2020-02-06,0.01169705792729192,0.00014571706052723954,0.0207335167963969,0.003365070186222452,-0.013550187140477399
2020-02-07,-0.013592954236083199,-0.003197564070725689,0.001415916100436121,-0.005329739645257958,-0.00662591693903869
2020-02-10,0.00474968509733964,0.00415538016849859,0.02615697319720911,0.007465066870662174,-0.010561025388742262
2020-02-11,-0.006033472177433219,0.0018876032546322197,-0.02257554038755094,0.0017331529204624996,0.009506330610807856
2020-02-12,0.023747893151834898,0.0,0.0014641050606509776,0.00644300695438349,0.012225431746671012
2020-02-13,-0.007121307862618553,-0.0008692832421653973,-0.00541410877365367,-0.0010670755242446761,-0.005549314947232764
2020-02-14,0.0002467097182907718,-0.0030461536889533347,0.008927030799553926,0.0016020258642468477,-0.004595258698708471
2020-02-18,-0.018310857909146994,-0.013240265702781029,0.010143496545112374,-0.002577045275598322,-0.012695943102114526
2020-02-19,0.014483005688580963,0.013638907973858139,0.002998907681493135,0.00478123509025119,0.007682134265198481
2020-02-20,-0.010258952889326545,0.0,-0.015271352231515545,-0.004108352327163223,-0.007954981333748168
2020-02-21,-0.022635226139132048,-0.012219179863813157,-0.031612583643542025,-0.01029784025528202,-0.012194938307281133
2020-02-24,-0.047500683725633874,-0.026875674420469675,-0.04311562975983152,-0.033165746519695505,-0.04684597569856763
2020-02-25,-0.03387190439290533,-0.04464273938674801,-0.016501780150225187,-0.03030222996945131,-0.03832502272661886
2020-02-26,0.015863819658730627,0.003009484805442053,0.01249494044418964,-0.003678186209979284,-0.021955998620804884
2020-02-27,-0.06536830295311702,-0.04161400145765315,-0.07045909193543876,-0.044911491759592415,-0.060177223350117326
2020-02-28,-0.0005848972865133417,-0.04333854750864763,0.024212993917453796,-0.004201649074021985,0.032517318242852866
2020-03-02,0.09310072815042902,0.04659373228290353,0.066539079096956,0.043306640179411104,0.047433554540007083
2020-03-03,-0.03175948433792686,-0.037524631910172856,-0.047919670605603426,-0.028632575729338194,-0.04788409507505753
2020-03-04,0.046384585756291896,0.024709478979434207,0.036715237551033786,0.042033302446448095,0.02183229330765868
2020-03-05,-0.032436875115290476,-0.04906160585464081,-0.02509535885993963,-0.03324208352692826,-0.0440671889416151
2020-03-06,-0.013280246585369193,-0.05168015743103538,-0.028267041310164998,-0.01653099599010699,-0.048293664456352525
2020-03-09,-0.07909184926933777,-0.13545523573677476,-0.06777255364288215,-0.07809441172964005,-0.12224751242599052
2020-03-10,0.07202144396487742,0.07769689606563057,0.06838393487418992,0.05174490971216272,0.03702785394431385
2020-03-11,-0.03473053308568819,-0.047070352665097626,-0.045301921137099965,-0.04874848253108899,-0.032941705189702186
2020-03-12,-0.09875454190995558,-0.08243024746315908,-0.09483789161811018,-0.09567723037773745,-0.11434023207685418
2020-03-13,0.11980849229763213,0.18012508046513664,0.14216839551540117,0.08548614862891446,0.025282266838438705
2020-03-16,-0.1286472530043825,-0.14964906539842626,-0.14739032715232736,-0.10942347266440478,-0.09522556407614802
2020-03-17,0.043970083083191724,0.06111374753203913,0.08233645445150795,0.05399204297304139,0.06726597221162645
2020-03-18,-0.02447997879213004,-0.10526866347191444,-0.04209598096714817,-0.050632924769215104,-0.10024450831051224
2020-03-19,-0.007661874319662032,0.016807843567030245,0.016453150749879963,0.0021249631971735905,0.039553288909151885
2020-03-20,-0.06348571850218143,-0.021102027471703755,-0.03755862414564026,-0.043094282040815224,-0.049084984207524496
2020-03-23,-0.021243996381026253,-0.05353300552880813,-0.00997478264917151,-0.02556804269625601,-0.03940148582609515
2020-03-24,0.10032530463547662,0.11894202599282044,0.09089607501228869,0.09060312916076652,0.12686809379935293
2020-03-25,-0.005508738010362668,0.03731775650634184,-0.00957277740815432,0.014970251602519413,0.05220070422535206
2020-03-26,0.05262296121255461,0.06966133148423848,0.06255106616140882,0.05838948668539534,0.041029679940271846
2020-03-27,-0.041402227270848524,-0.07123966160171291,-0.04106086550475907,-0.029785501959731397,-0.04817081108386123
2020-03-30,0.028537974111091824,0.026006768276705783,0.07034047458142179,0.03247598085345915,0.014885035766907695
2020-03-31,-0.002040805062496376,-0.03711213762775489,-0.015727118183415878,-0.014905450782829566,0.012533327352964196
2020-04-01,-0.05261705727549182,-0.06297916350053989,-0.03550797958104013,-0.045005068348645705,-0.011588258304982557
2020-04-02,0.016686823590251754,0.037340201422163766,0.02070835294491613,0.023075528192794792,0.0764724975719695
2020-04-03,-0.014371430715237943,-0.029557764620261495,-0.009210263441406963,-0.014454194416251176,-0.029455940334484843
2020-04-06,0.08723727296381334,0.06436611408427884,0.07436767417206824,0.06716610668994494,0.03213508349283134
2020-04-07,-0.011582232629495759,0.013190427213656486,-0.01077001401361477,0.0010195494917388803,0.01902634726485486
2020-04-08,0.025594411481057344,0.04037969990059809,0.010030991108257892,0.03356866732384467,0.06328796434988582
2020-04-09,0.007216363695322636,0.08971361073186301,6.0701268919105544e-05,0.015217125960224731,-0.016419792501670916
2020-04-13,0.01962760698226873,-0.044472520365794965,0.0022402661355627185,-0.009130046766302802,-0.008578486890868042
2020-04-14,0.050503072587930964,-0.027396010786028824,0.049483447673054126,0.029492795076685896,-0.0077176165659709195
2020-04-15,-0.009127105106380706,-0.04931915486250571,-0.010477780308597917,-0.021248119057036163,-0.045957824534434644
2020-04-16,0.007945581412041935,-0.03811005625048236,0.03002086250178615,0.004824537551372465,-0.032855782501900466
2020-04-17,-0.013568506223028076,0.0898887283574219,0.008811586744339461,0.027015202861435217,0.10395909668545533
2020-04-20,-0.020757041907237928,-0.03645711544634278,-0.01982074937227918,-0.01761796210971256,-0.047199991424348164
2020-04-21,-0.03091022820556044,-0.02900437119591437,-0.04135731394975828,-0.030363343614355665,-0.005343053193168856
2020-04-22,0.028803427026768524,0.0032563281943598366,0.03396500783790213,0.022194851193334975,0.02856446456113515
2020-04-23,-0.003875279084767924,0.0005598689050350103,-0.012102493632288547,-7.196409645804369e-05,0.031331922103407184
2020-04-24,0.028869757270787444,0.014766629006319754,0.018259517640621725,0.013938723812254139,0.006444168370110193
2020-04-27,0.0007066492150631376,0.043104227227924286,-0.0028646428638476884,0.014418072117696745,0.004802093851108857
2020-04-28,-0.01620964636684763,0.007081203104540856,-0.02436081168434434,-0.004598197267959736,0.02344118535606121
2020-04-29,0.03284568104740604,0.026970302810069846,0.04487392390358891,0.026178521459044424,0.05537043561069677
2020-04-30,0.021095796459982497,-0.02145884134130638,0.010032170374972171,-0.009310592048173971,-0.020859999484317382
2020-05-01,-0.016099275025964976,-0.026211790942254787,-0.025891559598604452,-0.02647331873254022,-0.07165916325957367
2020-05-04,0.014148858370707229,-0.011903504404732757,0.02446004015083103,0.0027581209840013,0.040334085444655665
2020-05-05,0.015009035197057097,-0.0015193350469425715,0.010735771050217613,0.009239356692858358,-0.001114106423027228
2020-05-06,0.010316862076506617,-0.01880441609883421,0.009847357997509354,-0.006778932759478495,-0.01873761674993868
2020-05-07,0.010345127741922422,0.01041335268131438,0.005807187233498379,0.012066792547102745,0.005682892058821665
2020-05-08,0.023801675422523427,0.016335777112880256,0.005882060616283935,0.016546245359423173,0.04385176385657208
2020-05-11,0.015735313143677265,-0.02944969530259489,0.01115440008252655,0.00020547657510272543,-0.00952790663691816
2020-05-12,-0.011428127746568872,-0.032677663304119586,-0.022651772163756467,-0.01993155971216487,-0.01671491328654995
2020-05-13,-0.012074203507828729,-0.03447111770239797,-0.015122591833747645,-0.017686179406556368,-0.04963728699540526
2020-05-14,0.006143260301586517,0.04153301685341204,0.004339593184586654,0.01196719604926555,0.008824164239237042
2020-05-15,-0.005912079343096455,-0.018509882981091907,0.014568339738519676,0.004596809331087304,-0.007091993997626611
2020-05-18,0.023561460582544935,0.05296857894398932,0.009554232856668232,0.030460019774474434,0.079523522248649
2020-05-19,-0.005778416510527684,-0.019679555625168876,-0.006922379008438395,-0.010270763733383537,-0.03087779488029352
2020-05-20,0.019447987767641894,0.0299987701910438,0.013870757993833083,0.016987739232443566,0.03254449811126792
2020-05-21,-0.0074551429596010355,-0.012701222910724286,-0.0120111181142174,-0.006904040434533076,-0.017853322185033438
2020-05-22,0.006438389645575748,-0.007762744378104203,0.0004360361666368995,0.0018989476585311582,0.000897551522461848
2020-05-26,-0.006773781227415121,0.07097343638624154,-0.010571516212026677,0.012320720338054647,0.029372440171015368
2020-05-27,0.004357211102275382,0.057920997715428246,0.0013216851649067163,0.014878897841987593,0.007187811613245554
2020-05-28,0.000439924364715516,-0.014895829273613326,-0.0022551151553694693,-0.0018448315840592366,-0.0259513449007871
2020-05-29,-0.0009739445566661065,-0.025535887915666078,0.010198639051133052,0.004455853638839491,0.009547165535789714
2020-06-01,0.01229760341024555,0.013256705234232724,-0.0022921157808251102,0.004041831262654005,0.017813620908911698
2020-06-02,0.00462938162911497,0.0033466011651324123,0.011376774795442746,0.008280051244680564,0.022255983950927094
2020-06-03,0.00550515271571439,0.05397787463061676,0.002433711192559196,0.013308341668557766,0.04079456041898055
2020-06-04,-0.00861188597704754,0.020811120477728373,-0.01316361097809604,-0.0026267111640754237,-0.002843255650117782
2020-06-05,0.028480921678345483,0.04500200070287019,0.02339783491583547,0.025629474636873706,0.08105939497381409
2020-06-08,0.0059125458546764875,0.01995867476713875,0.006196780843503946,0.012087453406334214,0.03127364814400324
2020-06-09,0.031577979273607504,-0.025650098171506985,0.0076451829572894425,-0.007456754184627434,-0.02228748429828087
2020-06-10,0.025727397632432814,-0.04052828584289969,0.03709156476032538,-0.0055796797202781745,-0.05362452613710944
2020-06-11,-0.04801073597011818,-0.083443488822459,-0.053698462828523086,-0.057649290350350824,-0.08825293910359355
2020-06-12,0.008633900907004444,0.027363532888383446,0.007891865413801824,0.01197585744886398,0.021437897309859677
2020-06-15,0.012367300172517304,0.013817970665004564,0.0063917540902926895,0.009335586082081182,-0.0006358115320984625
2020-06-16,0.026501999768608897,0.007999881352454885,0.024505176197587852,0.019247650712751918,0.022486061094346033
2020-06-17,-0.0013917133167251627,-0.025279271288305205,0.0034614681199514052,-0.004153862865454605,-0.03257234911897455
2020-06-18,0.0003982121511543202,-0.0054280272447218,0.010708066936737204,0.0003847575505473433,0.006218905999711755
2020-06-19,-0.0057146953661968425,-0.011421209966727575,-0.00595966190368602,-0.00571462523673405,-0.020034068866953803
2020-06-22,0.026163784184042527,-0.010837256915639415,0.027773641615422395,0.006414873768349594,0.009569229939465185
2020-06-23,0.021344866500278448,0.01219644914698681,0.0066810027254484705,0.004604060579890046,0.006031964516553634
2020-06-24,-0.017652378247287936,-0.03339122123452465,-0.020157519595935702,-0.025508850323821775,-0.04710911664905548
2020-06-25,0.01327595961371486,0.03486169679665263,0.012636380647152112,0.010720416138406685,0.01505625419143608
2020-06-26,-0.030725583227647957,-0.05481838280446627,-0.020015806160564642,-0.023751205014408527,-0.03431501697858508
2020-06-29,0.023046309025361422,0.004428214340981285,0.010747142586259306,0.014697299673158248,0.016048014596002247
2020-06-30,0.008347683782601312,0.011398050529982884,0.025549271559755837,0.012809936241811481,0.009025230518454164
2020-07-01,-0.0018912266059096794,-0.008505723555241929,0.005847340084847774,0.007004456114369395,-0.022585177154651248
2020-07-02,0.0,0.0032483978209578712,0.007620887139031973,0.005507022688686636,0.008464931305643741
2020-07-06,0.026750158694351267,0.02525370541550287,0.021526192635787256,0.015437178167165388,0.007032890085904464
2020-07-07,-0.003102915994054878,-0.028210587794501252,-0.011628073174896447,-0.010313684893104802,-0.025906870104297042
2020-07-08,0.023289841248067322,0.01061515202973018,0.02199301908793383,0.00764854348068833,-0.002312720534177526
2020-07-09,0.004300277949430553,-0.02165066991298159,0.007001011498903864,-0.005692577998532067,-0.041261062504265644
2020-07-10,0.0017495472861237538,0.054666839414516666,-0.003033057184115062,0.010210343763520147,0.031189691619427196
2020-07-13,-0.004613087597731824,0.014334927288166543,-0.030888709960370853,-0.008658837654235363,0.00023420494948500625
2020-07-14,0.016548071193597025,0.005734467650600594,0.0061815725440304,0.012959028586228438,0.03305222195948199
2020-07-15,0.006877545701868826,0.015477497522899064,-0.001487788501688292,0.009186947573913917,0.012706778278623654
2020-07-16,-0.012304908151019922,0.002807389089979573,-0.019804188769836695,-0.0032933049107604084,-0.007842254775817903
2020-07-17,-0.0020204193874380216,-0.01849819202017633,-0.005099606826425185,0.0028989425634318167,-0.017163436034145496
2020-07-20,0.021074157475430066,-0.008761132789796622,0.04298084742121322,0.008081453157468665,-0.023437233954158088
2020-07-21,-0.013801849064352112,0.02168547989073688,-0.013468853597794705,0.0021278920283593905,0.050588043844660646
2020-07-22,0.0028092530045003006,-0.007242799497212293,0.014371152166941625,0.0056921955261179935,-0.023292175952284944
2020-07-23,-0.04551636114075963,0.0029385093529825657,-0.04349448940187539,-0.011931752221782221,0.002063822980876706
2020-07-24,-0.0024772688579747237,-0.007072057863576231,-0.006122262069419349,-0.0064405425243652115,-0.00617860411885085
2020-07-27,0.02370025383830998,-0.014041569248966046,0.012667621961879982,0.007292552749869952,0.014736408665103395
2020-07-28,-0.016427629840725322,0.004334299200750014,-0.008977155872941234,-0.0063425076865401,-0.011799471533615158
2020-07-29,0.019168532406412142,0.024250226235330352,0.01009801136971844,0.012298852703987784,0.011021880869535927
2020-07-30,0.012099942485455761,-0.02668557136630678,-0.0007842217411700991,-0.00356791932710232,-0.049057474684473856
2020-07-31,0.10468871009150482,-0.003916810231643697,0.0054437378552527615,0.007902219837019553,0.005015827252228711
2020-08-03,0.025197701954394747,-0.005587663210520177,0.056241319964000835,0.006952083696702305,0.004039641313661857
2020-08-04,0.006678122247286256,-0.005722963785973145,-0.015008701473794739,0.0038625564449763505,0.02887555710364209
2020-08-05,0.003624620517787891,0.017372770930282222,-0.0016409386749020038,0.0062107689781008,0.008741909012278226
2020-08-06,0.03488919199952112,0.0003086965837668654,0.01601373224632252,0.00668468796810906,-0.0047892298376307485
2020-08-07,-0.02273552398989198,0.022007461597569833,-0.017887580470937192,0.0007178515270287456,-0.004583045426101218
2020-08-10,0.014534726503003803,0.012678679588128405,-0.019907988119152842,0.0029889847686750404,0.024631830907303254
2020-08-11,-0.029739945553123648,0.03159772580883646,-0.023385216979875945,-0.008254681321824608,0.01033487884261608
2020-08-12,0.033234303272752674,-0.008476191937846433,0.028567080845336656,0.013942333285925201,-0.0002269558519236714
2020-08-13,0.017697495135436947,-0.005537378725266051,-0.0023419885216220404,-0.001807425529405604,-0.02449547996017154
2020-08-14,-0.0008913308788052188,0.0003908488112056574,0.0009581373129048387,2.9537186631012347e-05,0.004417953767543725
2020-08-17,-0.0026105964560561024,-0.026364640135173922,0.00660599236846382,0.003176576623430183,-0.012963094832917799
2020-08-18,0.00833270193285407,-0.0139404206948478,0.005754383986939837,0.0021599854527201146,-0.004925060661445824
2020-08-19,0.0012548156511367203,0.0023394144243302772,-0.0060668477273331245,-0.004163568091082537,-0.011077061142655498
2020-08-20,0.022189526297778928,-0.01197373187567774,0.02327106738629725,0.0031138013075435733,-0.015252813272937815
2020-08-21,0.05153242762413068,-0.0005136488312943444,-0.007270040048856674,0.003547150881472394,-0.007502072575491181
2020-08-24,0.011960319636689976,0.028154599160293836,0.0031455576003651675,0.010133570071175102,0.029505073443732766
2020-08-25,-0.008203827394521412,0.004397353519674185,0.013009193205076208,0.0034992505392636986,-0.03173852418536083
2020-08-26,0.013599101891530019,-0.014029813121673729,0.021619770089147394,0.01002536043992297,-0.02128194110225823
2020-08-27,-0.011954347030479928,0.032899388049245415,0.024553608848742137,0.002186492437048937,-0.006748408613514112
2020-08-28,-0.0016199258556425233,0.0041035899817640775,0.010283112490417912,0.006459670024018704,0.023905468931143314
2020-08-31,0.033912115361806494,-0.02510447673259797,-0.014765455999661614,-0.0036230480084030736,-0.0184320508581709
2020-09-01,0.03983273594865966,-0.0004991913541824156,0.007715044929262005,0.009418901826447446,-0.012769173303556314
2020-09-02,-0.020718546516944603,0.015079042010916144,0.01927224220970425,0.014463727769121748,-0.006086658711253801
2020-09-03,-0.0800609060885078,-0.0031480664993561724,-0.06194689227669392,-0.03441405403557307,-0.002041640642938769
2020-09-04,0.000661949406841833,0.021612132132457385,-0.014035677586679451,-0.008164491414819341,-0.0007666860748466453
2020-09-08,-0.06729502783023766,-0.03477545184760167,-0.05409592142373021,-0.027322988559757122,-0.023029820623049813
2020-09-09,0.03988656624598441,0.009507518025649642,0.042583588236741354,0.019747005809529927,-0.006024040968452549
2020-09-10,-0.03264573293536177,-0.010310375763385782,-0.028018366400770822,-0.01736336600878674,-0.025033214241832913
2020-09-11,-0.013128895532434348,0.012421221293294149,-0.0065248353656752744,0.0005090285247033588,-0.0027022543467034588
2020-09-14,0.029999982442926232,0.013851805925825689,0.006763887315903938,0.013171511240472666,-0.006504177862478588
2020-09-15,0.0015604318235635795,-0.03113112937572826,0.016406233164309558,0.005052023182352761,-0.01063835972836924
2020-09-16,-0.029513717397358752,0.004230126816425539,-0.017865804284960984,-0.003968385837368138,0.04245963711200518
2020-09-17,-0.01596367570200541,-0.011434130999118719,-0.01043635780978791,-0.008795552403048745,-0.000264647682247543
2020-09-18,-0.031720045590936,-0.0021308290411385933,-0.01241930151381676,-0.011512325861456008,-0.01613765732554595
2020-09-21,0.03032580344720137,-0.030909579720477254,0.010728891403178675,-0.011129756454249184,-0.020435643595310138
2020-09-22,0.015715631688466347,-0.010912118673504834,0.024093966287051627,0.010184323477851365,-0.024704864654970127
2020-09-23,-0.04194590871112769,-0.016229731850112783,-0.032928177987402774,-0.023190911734915942,-0.032085764563725694
2020-09-24,0.010268854545805617,-0.0008626770478080692,0.012961670897200905,0.002665426433536622,-0.0020354263354641633
2020-09-25,0.03751611434829494,0.008741788511884119,0.022786618801245107,0.01616701080656968,0.009323985633321152
2020-09-28,0.023868722063676406,0.028779093939119038,0.0077953357014795,0.01660912537978354,0.019341953734240303
2020-09-29,-0.007567805817305984,-0.008423331919671484,-0.01040881017807982,-0.005445988780965583,-0.029170360472709267
2020-09-30,0.015075847351555982,0.009648297206954037,0.014812350397481522,0.007582119320616476,0.0014587935858305645
2020-10-01,0.008462363715988186,0.007271689072605225,0.010126882916126512,0.00642001508787593,-0.0349548958388457
2020-10-02,-0.03228027847840231,0.009487383687578843,-0.029511506682831867,-0.009494503313386526,-0.004527706879910776
2020-10-05,0.030790826472767208,0.021136091241489074,0.020321129650202163,0.017733130016820642,0.023044466654562834
2020-10-06,-0.028669360945062117,-0.01029886883976927,-0.02124712856624822,-0.014216012776330667,-0.010373693318255106
2020-10-07,0.016966996168837012,0.017445552999065583,0.01903726469225764,0.01740658683929608,0.0032945272066182696
2020-10-08,-0.0009557200147031208,0.020555130102461794,0.0035744727129163323,0.008862485542051823,0.05253724613420885
2020-10-09,0.017395857157116668,-0.005698336885656019,0.02483596524784626,0.008930191705176949,-0.014747654136710198
2020-10-12,0.06352060070160026,0.01225299296172877,0.02590223342480691,0.01608778690801005,-0.0031661529195592397
2020-10-13,-0.026527387098748578,-0.016204549571964377,0.006594837464023673,-0.006526273704623664,-0.011839596569870214
2020-10-14,0.0007431695721098475,-0.0055567154407327735,-0.008974548533435489,-0.00628321184354963,-0.002045254675049901
2020-10-15,-0.003960757438881579,0.014967159081352266,-0.005433173900129762,-0.0012360314863952837,0.008784658616888263
2020-10-16,-0.014000595440055164,-0.00206461979739736,0.0,-0.0006042383082539571,-0.01015989546551288
2020-10-19,-0.02554175581959306,-0.01684550112702521,-0.024765702023840985,-0.015203345132172918,-0.019941333142015516
2020-10-20,0.013191951132291324,0.00571120230356903,0.002007337235714113,0.0040058028552041325,0.00837823116728087
2020-10-21,-0.005446258376451962,-0.009962904099074299,0.0006990648611586714,-0.0018930434750928926,-0.016023822906618856
2020-10-22,-0.009583514599656229,0.03532230557930305,0.000418848323342047,0.005485205439213603,0.051266840548890524
2020-10-23,-0.006133920846619345,0.009039700993193955,0.0062356987488148,0.0033955080475058796,-0.020080317936456482
2020-10-26,8.703815847210805e-05,-0.024756697113146542,-0.028441805520215135,-0.018480184507648878,-0.023711993446867252
2020-10-27,0.013472306977719839,-0.018866074194614835,0.015089393526094952,-0.0034472473092933553,-0.015892019911436295
2020-10-28,-0.04631214760934588,-0.02808823378785652,-0.04956618107532895,-0.034179398625033164,-0.038086658532459516
2020-10-29,0.03705036637848402,0.00652583784259142,0.010065061753829818,0.010163858327606468,0.04434605043659645
2020-10-30,-0.056018033242191345,0.008953335138550456,-0.010990693973337295,-0.01042484867452842,-0.010615746193050057
2020-11-02,-0.0008268746097833679,0.022541834575424247,-0.0006914738535117593,0.011208343129572862,0.041998854070411484
2020-11-03,0.015353589435477488,0.031521575661466406,0.020264069730091316,0.0176561287225403,-0.01706409729606928
2020-11-04,0.040836647569657325,-0.030558328982360994,0.04824852378639588,0.022349193472933182,-0.005387540404740543
2020-11-05,0.035493800022402766,0.0408979008275554,0.031887039123002614,0.019502539205458858,-0.0018057201938445067
2020-11-06,-0.0011362551290899914,-0.013320623811056365,0.0019257993634678172,-0.00022860008952252375,-0.011757537359460724
2020-11-09,-0.019967848318156123,0.1353923454639887,-0.023824541022276824,0.012565913837548237,0.12660188010683338
2020-11-10,-0.0030090416381941543,-0.0032506914293521927,-0.03379269060194845,-0.0014664962161166084,0.02218477447263356
2020-11-11,0.030352735712511292,-0.014932908159156044,0.02625478730691455,0.007428705756151954,-0.010308922455866676
2020-11-12,-0.002343318349063206,-0.012284177190283185,-0.005125845971948206,-0.009700956702627272,-0.0342653056275839
2020-11-13,0.0004195078459625634,0.006262226256789294,0.004966596121488864,0.013844498071234446,0.02412695411839838
2020-11-16,0.00872051088837611,0.02822598873531379,0.003325355648609696,0.012482464820009254,0.05764955635630575
2020-11-17,-0.007564701176745792,-0.010144939239530304,-0.01275151393883045,-0.005378184497942251,0.013365064245676406
2020-11-18,-0.011391122840002987,-0.007406743797397808,-0.013183794151265915,-0.012035094141710334,-0.037755274796331895
2020-11-19,0.005168111648135687,0.0026897918499115825,0.0063483654397444855,0.004210352986790955,0.005106039141893115
2020-11-20,-0.010957423954044199,-0.008567015491394159,-0.009556493150282064,-0.006848000376896701,-0.012299622056500148
2020-11-23,-0.029742662585007018,0.028803350560251184,-0.0013308970926702024,0.005994380204860983,0.06551162039188796
2020-11-24,0.011594371620604393,0.04623724202692947,0.01784775951179718,0.01611396231801976,0.06656521664930826
2020-11-25,0.007467090131753951,-0.010460626886574897,4.695245058261577e-05,-0.0015417468054752526,-0.027870483573815052
2020-11-27,0.0048261886562877,-0.006637676976209761,0.006358777385780501,0.0027851484168834872,-0.015192509468875959
2020-11-30,0.021099711605329752,-0.02755309111091675,-0.005389451920331911,-0.004427421224482364,-0.0512566702325985
2020-12-01,0.030827349890009126,0.015778608861344745,0.009996867695772904,0.010937647616052093,0.009703797170926176
2020-12-02,0.0029335033751796136,0.019208409040667895,-0.003885140551887045,0.0021036172718957857,0.03740282137169282
2020-12-03,-0.0011374204765797202,-0.006555203838502277,-0.0052469655665849935,-0.00027267717284573667,0.006759920149657317
2020-12-04,-0.005612465082164286,0.009072961238643318,0.0005602725613300663,0.008617620108989366,0.03655852197509968
2020-12-07,0.012270028886449014,-0.0037599650149117148,-0.0003268595172516431,-0.0020548625605376625,-0.018714167487219546
2020-12-08,0.0050906478587013915,0.0009845748737096205,0.008026593464673715,0.0029262589348924006,0.03276256878857953
2020-12-09,-0.02090350287487719,-0.007787183856834301,-0.019489810276503094,-0.008968832404694038,0.013257387413780242
2020-12-10,0.01198867962557637,-0.0064434745971786445,-0.006043157498433094,-0.0003270154616212828,0.028271330322835242
2020-12-11,-0.006734619840133238,-0.005903177647952451,0.013015171243367263,-0.0011728470424325899,-0.004771547633250939
2020-12-14,-0.005146695082162367,-0.01053871324000033,0.00440801047160333,-0.004477241035923729,-0.03607282496716546
2020-12-15,0.05009026472429823,0.017075255484934937,-0.0003270292219026416,0.01351957567787232,0.019421670202687036
2020-12-16,-0.0005473328728221594,0.0029089213701189998,0.024050800717035026,0.0015694213058450313,0.015334503032983449
2020-12-17,0.006963485916860135,-0.008287087016630501,0.0006386881474831352,0.0055918463542941055,-0.00503423031979866
2020-12-18,-0.015850956302431052,-0.004930456328673394,-0.003783193835839027,-0.003992951222370311,-0.017249246272268093
2020-12-21,0.01239542182305664,0.03753797846271034,0.018299485810479466,-0.0035755458485814406,-0.01825408976476406
2020-12-22,0.02846445470234693,-0.01521662894803344,0.006064918399637742,-0.001685156453988812,-0.016924839832353933
2020-12-23,-0.006976082886114954,0.027944393499988784,-0.01303918652625935,0.0008982736150535686,0.012851287233536235
2020-12-24,0.007712442314970147,-0.004397526153986808,0.007827326616263841,0.003890601189030729,-0.004069804445086644
2020-12-28,0.03576576044841895,0.00658538203668102,0.00992157689676465,0.008590932338523372,0.003365393417060325
2020-12-29,-0.013315061543212603,-0.0026328736662181162,-0.00360082614314694,-0.0019078676108996717,-0.011260211430138
2020-12-30,-0.00852666765406429,0.002799787809395715,-0.011019496086234426,0.0014267523253450598,0.007996144171756203
2020-12-31,-0.0077022873626703126,0.013640959932566199,0.003338470252578496,0.005080856604840367,-0.00913463927487801
2021-01-04,-0.024719454049971223,-0.009443818758579914,-0.02126622342447626,-0.013613936369628044,0.006793066468056441
2021-01-05,0.012363672680704818,0.00544139692646195,0.0009645536420759271,0.006887272239833209,0.0481924305024497
2021-01-06,-0.0336615088409723,0.046955691548258294,-0.025929126736620955,0.005978355244729006,0.02551741949515418
2021-01-07,0.03412311487117825,0.03283921066584772,0.028456718646043155,0.014857725464371363,0.007845794456939226
2021-01-08,0.008631467708165363,0.001104081911380117,0.006092974817850649,0.005697751208084023,0.01112091930997039
2021-01-11,-0.023249058738588957,0.014924102299094688,-0.00969851633847807,-0.006740939468514839,0.030356436206084414
2021-01-12,-0.0013954417962517285,0.01571894502576554,-0.01177062203938084,0.0002112210489739752,0.022203301147420307
2021-01-13,0.016226680087447543,0.000927182225525458,0.006560194515877971,0.0026931920435986356,0.011277828158549053
2021-01-14,-0.015127006723020808,0.005842537934895864,-0.015346305244879122,-0.003502327965703822,0.03903386092109207
2021-01-15,-0.013730651736030053,-0.017921804253225537,-0.00173698299036118,-0.0072926819993761605,-0.04810198064822102
2021-01-19,0.005427122159717523,-0.004327337288795308,0.017822931389224417,0.0078523346108621,0.019837278429430283
2021-01-20,0.03285619435962772,-0.014995889216967928,0.0364996146823513,0.013838428813727655,0.014127799704593436
2021-01-21,0.036658111097274126,-0.008383813678740637,0.002808098891118771,0.0009117455576634903,-0.028669755437502387
2021-01-22,0.016074073258166788,-0.007713847129966811,0.004356394285634835,-0.00353957506500413,-0.01413392123397783
2021-01-25,0.02768357900796592,-0.012482307835398054,0.015844037410412515,0.003944024898599574,-0.01117448869904869
2021-01-26,0.0016794054175219841,-0.004087167420031901,0.012199026663801016,-0.0015609225433442786,-0.02196157498485829
2021-01-27,-0.007683528657574157,-0.02827167384695284,0.0024533049848241006,-0.024440580809407364,-0.011336413494877795
2021-01-28,-0.034985540698291406,0.01759743935211766,0.025890844667524116,0.008600320908672687,0.01565594370523482
2021-01-29,-0.03742039438700384,-0.011067730947502463,-0.02917171867028423,-0.020019540702345462,-0.026487155926650963
2021-02-01,0.0165199460712111,0.007383371719448917,0.03315235443207065,0.016645334557423563,0.0017840203427479384
2021-02-02,0.006336641359983686,0.03078230202547827,-0.0005843337760286227,0.0141403071246895,0.015805813419729864
2021-02-03,-0.007778382072796575,0.011451120238261447,0.01457150099277027,0.0007863994563852561,0.03922899443052752
2021-02-04,0.025757611109280765,0.02301320488837777,-0.004074088674034804,0.011365544566423358,0.019189860108643098
2021-02-05,-0.003097717375152853,-0.00195297110042425,0.0007853005747169295,0.003935940797909154,0.03351964165378374
2021-02-08,0.0010968172235390483,0.015654467499766733,0.0011147729860891964,0.0072218450730627826,0.04304305840017664
2021-02-09,-0.006573922265814436,-0.0039959319886261335,0.005361385391135176,-0.0006659421583107283,-0.011711914894544262
2021-02-10,-0.004558342413394367,0.0005733337184672394,-0.003897041934441292,-0.00043546510470438005,0.009678253892220434
2021-02-11,-0.0019203799204307037,-0.0027930106335174454,0.006877404114706165,0.001615133088596954,-0.025039341635529233
2021-02-12,0.0017760066319720824,0.014217379185259116,0.0020450345687115234,0.004939695674338829,0.01364376696908165
2021-02-16,-0.016103991299385,0.024070579826357852,-0.005265447241955656,-0.0008661296228854587,0.030087089263042044
2021-02-17,-0.01764431014720158,0.0031110779877099315,0.004359769363419863,0.00022971412832961668,0.015564994591552805
2021-02-18,-0.0086360252627663,0.003376950425923564,-0.0016791378871358065,-0.004256128988653685,-0.0157049746369452
2021-02-19,0.0012334382535588162,0.016690897243910596,-0.01156722395496057,-0.0017660257883896913,0.0067281528839200355
2021-02-22,-0.029799019632701595,0.009390472878098466,-0.02680840578271726,-0.007691672151572848,0.03685318739259147
2021-02-23,-0.0011111456112237184,0.008031862148277558,-0.005287535197061155,0.001214437491746878,0.013812316316126338
2021-02-24,-0.004051967041061144,0.017594753477796043,0.0054870196003258265,0.011019212432640035,0.029972692414382163
2021-02-25,-0.03478274629973244,-0.0135713343346191,-0.02370480111681217,-0.024095713111024986,-0.01657863617476918
2021-02-26,0.00223156152605708,-0.026524922093438152,0.014804172470695987,-0.005152570763606645,-0.02492814994695025
2021-03-01,0.05385125478526387,0.02262690289703162,0.01962290722611737,0.024240137442425702,0.03733687946569164
2021-03-02,-0.0208935360143635,-0.003256015360218023,-0.012956793618743245,-0.007803299137433939,-0.005851266542844069
2021-03-03,-0.02445665217204407,0.01933230369817651,-0.02698081651699835,-0.013245736850456602,0.008025826125765967
2021-03-04,-0.015811905613912547,-0.015368697952282906,-0.003647520277395233,-0.012374823337134466,0.038747344193873046
2021-03-05,0.010738341761787895,0.002324699583157397,0.02147934016048314,0.01839672938524206,0.03781284379363892
2021-03-08,-0.041673470919028954,0.013253072531890897,-0.01817777093304762,-0.0049788196151393516,-0.00098470843004006
2021-03-09,0.04064972394184663,-0.007063045192646333,0.028101314863793192,0.014277705467770074,-0.015442585094002093
2021-03-10,-0.009166599221084426,0.02173467932856843,-0.00581739841812523,0.006224428608901045,0.030702352828499535
2021-03-11,0.016502476381064612,-0.005221169114371538,0.020265131935489622,0.01013919803272878,-0.007446892864638066
2021-03-12,-0.00762520657467225,0.011858183465872862,-0.005819708926034894,0.0013467370054289773,0.01076495900502894
2021-03-15,0.024456531068837162,-0.004995115413755524,-0.003987237494386231,0.005963444174559074,-0.02549625081626372
2021-03-16,0.01274298058886969,-0.011971183610047675,0.012350511540214493,-0.0012612029863658947,-0.02119559591398623
2021-03-17,-0.006450442699170944,0.01029216361997709,-0.0028186661457691997,0.0034099870400123855,0.004398557793659386
2021-03-18,-0.03390529984172963,0.01650650554542099,-0.026662261407413235,-0.014549582018351548,-0.04311933491309805
2021-03-19,-0.004480156990883222,-0.015921190328815893,-0.0016033511921508259,-0.0018506053991789173,-0.0056329222435992365
2021-03-22,0.02833566209852334,-0.026878860238256364,0.024484245625848278,0.007985192540431063,-0.010267147400902954
2021-03-23,-0.006888719107703278,-0.010002040714856997,0.006737556513825904,-0.007870832095656755,-0.012341282043090596
2021-03-24,-0.019993422690055773,0.0077609339175757075,-0.008923198287487,-0.005083573311034595,0.020282316270741285
2021-03-25,0.00416360824633899,0.012814231853153446,-0.013250699817863976,0.0056257389890161935,-0.002839626841908083
2021-03-26,0.005141352741802274,0.016649933887063817,0.01781879687736443,0.016114802836063147,0.027233809390076802
2021-03-29,0.0014850721433028458,-0.015539531021286135,-0.005243621383624997,-0.0005049975781570293,-0.005371786755025032
2021-03-30,-0.012274254537967044,0.011789366004183455,-0.014410711601088977,-0.002652907060741727,-0.01236953721991274
2021-03-31,0.018765267831722277,-0.01456448811891864,0.016907348266477218,0.004053104576786426,-0.015169983767310047
2021-04-01,0.006958585399365003,0.009722133240589015,0.02790876454762503,0.010798972429383324,0.02794191452973216
2021-04-05,0.02357752598137708,0.005300559945432992,0.027728427794843524,0.014353251362681618,-0.015507794583784928
2021-04-06,0.0024621298927491875,-0.007030713061566107,-0.004858218535303327,-0.0005903568402352288,-0.0028320787479414467
2021-04-07,0.013390331531096145,0.0156684347943834,0.008230464027719764,0.0011571939763801442,0.004437314257073277
2021-04-08,0.01923406883666834,0.001226377646535104,0.013405420099450671,0.004746782418928008,-0.010425723480703253
2021-04-09,0.02025109303264805,0.0074783927901334035,0.010266483249448566,0.0072702163876565695,-0.002321458888523753
2021-04-12,-0.013232731366622397,-0.002112055255548806,0.00023450358890553247,0.0003646310718874446,-0.006622590437151632
2021-04-13,0.024306560975074998,-0.011926772037749722,0.010081849470819026,0.002963611383042686,0.0037835499344782697
2021-04-14,-0.01785301236777248,-0.018690332848377955,-0.011219214476583583,-0.0034151455595786695,0.02889991125535718
2021-04-15,0.018707349079026825,0.006348580766725842,0.015297995919232088,0.010742414805460454,-0.005931577657973031
2021-04-16,-0.002527669004419475,0.007425849876656843,0.004778281101982751,0.0033425000269100558,-0.005615872065054761
2021-04-19,0.005068733010767934,-0.004240041797311522,-0.007670392085292188,-0.0049132582012993975,-0.003176835061856287
2021-04-20,-0.012829866752008368,-0.022142055409921424,-0.0018549515412193962,-0.00732124704050352,-0.021069608769384685
2021-04-21,0.0029302042637688874,0.008508132903735532,0.00898308174879614,0.009461911833208658,0.01284150578189136
2021-04-22,-0.011685633347279456,-0.021057649731159644,-0.013086299692263714,-0.009132994914290538,-0.01303568646043507
2021-04-23,0.018038405013231174,0.019135752501363124,0.015476202106884607,0.010842388338728082,0.005427996031128313
2021-04-26,0.0029778217189764256,0.002463417063460316,0.0015317915555392858,0.00208762178120403,0.0019792469520301115
2021-04-27,-0.002449513769479883,0.004582961750387193,0.0016056293636652619,-0.0002156350765973869,0.013110856301940643
2021-04-28,-0.006027217221580727,0.006479460626084288,-0.028285621759888913,-0.0002872102385206299,0.030136485009060854
2021-04-29,-0.0007485796121519117,0.019443924106391952,-0.008053193794698599,0.006372654239024111,0.014283151716223408
2021-04-30,-0.015133587698825557,-0.008892130247735275,-0.0013067984376607944,-0.006570402711360668,-0.028842800616597275
2021-05-03,0.008215504569367926,-0.002925610472132023,-0.0012688451598400485,0.0021565431729497764,0.027602876645538732
2021-05-04,-0.035385434443757635,0.013823342733143118,-0.016159972795219857,-0.006169042403386449,0.006290448098445589
2021-05-05,0.001955446578262743,0.013120947413761241,-0.005326956071399547,0.00031250122838533123,0.03007278140713865
2021-05-06,0.012802650500824742,0.020124105631027733,0.013226737640422925,0.00798566480075924,0.009512652321182147
2021-05-07,0.005327406754216613,0.0034229136528871607,0.010931873109810697,0.0072779035945014225,0.014297414824385957
2021-05-10,-0.025804847239865536,-0.00012391613647955158,-0.020914298729337255,-0.009902176481748404,0.0024028829529048057
2021-05-11,-0.00741027133602945,-0.01662335865946074,-0.0038432623185434833,-0.008924824360219685,-0.03179950713707291
2021-05-12,-0.024938274705441188,-0.006875323120310695,-0.02936281583994571,-0.02124551197680491,0.005358426121237159
2021-05-13,0.017919564314032632,0.02572232882662462,0.01686190033827728,0.012012763278895777,-0.01232527793000815
2021-05-14,0.019844797564300576,0.015542093952838565,0.02106737299755257,0.015355371608594126,0.0247893228403413
2021-05-17,-0.009258534820283382,0.004023968571705394,-0.011968469766843959,-0.002544369397351809,0.0233667573452645
2021-05-18,-0.011245742625147548,-0.014088532094272077,-0.008565202025616725,-0.00861602236207304,-0.028300240627091577
2021-05-19,-0.0012814733162850311,-0.007637949668023225,0.0024740525083446485,-0.002621651548465498,-0.023994769473004496
2021-05-20,0.021012094235480783,-0.0017379451281331892,0.013820214270681808,0.010758001976735265,-0.0023737633313341
2021-05-21,-0.014767051276975196,0.011378534126667228,-0.005314737384619295,-0.0008186762355402166,0.0013596414473566742
2021-05-24,0.013314092893881746,0.0054099271871166366,0.02288205590939607,0.010194078542502538,0.011710731858687096
2021-05-25,-0.0015734694974707253,-0.01033381606296524,0.0037484284544000435,-0.0022184817929760126,-0.022647134308382277
2021-05-26,-0.0003942494353018633,-0.00012334212881448536,-0.0009139587935114157,0.001984432505506062,0.011672005663313056
2021-05-27,-0.012376675958711836,0.015571805154454,-0.008668187728955057,0.0005251243340043121,-0.006447454710342915
2021-05-28,-0.005348083035046192,-0.0006693792997665149,0.0014840683314161218,0.0017887717285227644,-0.0032444513477914994
2021-06-01,-0.0026481568708836,0.011020425632578101,-0.009131658744746751,-0.0008810426703604879,0.035805996818976116
2021-06-02,0.00627603112591002,6.026758390165199e-05,-0.0004040696307973102,0.0015727313914148944,0.007939338271953922
2021-06-03,-0.012154086869445524,0.0006620693681878009,-0.006429491852020797,-0.003711570271897058,0.003938137529599706
2021-06-04,0.019022222909283792,0.0016251123991792848,0.02067458255866761,0.009145894958713319,0.004413297263004878
2021-06-07,7.95197974141626e-05,-0.004686111755776268,0.012042053402431252,-0.0009702659003300029,-0.006509536828448237
2021-06-08,0.006671858148458831,-0.003984201987470959,-0.004885648875241233,0.00021337326413650715,0.01769055611034709
2021-06-09,0.003077076422916214,-0.012485102180312624,0.004038577323777437,-0.0014919014380936346,0.008369461758351404
2021-06-10,-0.008023102891561606,-0.01558835380455248,0.014393261064433949,0.004648302781317781,0.0015962317427289374
2021-06-11,0.00983257732020193,-0.0006858634307096434,0.0025268794324928567,0.0016525153074027354,-0.009243068046007052
2021-06-14,0.024577983646309365,-0.01696932591810152,0.007755194219442485,0.0022388893556344325,-0.0016084820956814294
2021-06-15,-0.006437908551621407,-0.015167709232866922,-0.005887271808697636,-0.0018340408899685245,0.03641054128951904
2021-06-16,0.003933973199426566,0.007023965765837525,-0.0037928327895292435,-0.005583434883570715,-0.0035753192366400066
2021-06-17,0.012601038517920493,-0.028860153404219102,0.013676287287036404,-0.0003316930075553115,-0.03291736717136384
2021-06-18,-0.010091967820587078,-0.025303090147028917,-0.005634315501965803,-0.013490330515343207,-0.025649215917731283
2021-06-21,0.014104040222417735,0.016968483490290343,0.012334615390025228,0.014315935023585746,0.03625827609729293
2021-06-22,0.012698334568222336,-0.0014625254189610803,0.010965754828133889,0.005346197761957772,0.019172482019961246
2021-06-23,-0.002089773569306619,0.006058538981745354,-0.0009037764590641428,-0.001205245782621156,0.007367846847448956
2021-06-24,-0.0021692001907051006,0.009197489852205143,0.005353282686435534,0.00591574384571758,0.00404609257983779
2021-06-25,-0.0022484252985276454,0.010098053829419085,-0.006262152198169169,0.003552000379999587,0.002169585050959988
2021-06-28,0.012545678139186167,0.0018175937046429613,0.013961009553681292,0.0020159541852329266,-0.025517928553798974
2021-06-29,0.011500214984426105,-0.0012310333028556775,0.009973513463664485,0.0005379639424734073,-0.006189539701188185
2021-06-30,0.0046214568887932295,0.009082212013307833,-0.0018424478519681875,0.0008417300743590594,0.007345832511211681
2021-07-01,0.002263295230758411,0.009901227056214879,0.0025841179469110465,0.005536792627246934,0.0028535296640042063
2021-07-02,0.019596551120128813,-0.0009604869935798677,0.022275345173920602,0.007643438562206173,-0.001422487683683027
2021-07-06,0.014718425596538243,-0.016791473125908896,3.588462339321197e-05,-0.0018214624397805412,-0.028494635283618952
2021-07-07,0.017955059223941028,0.0011731935540448823,0.008175458083921283,0.003534098684847997,-0.015642851988261874
2021-07-08,-0.009199567963228183,-0.01725358853390735,-0.008966552257280602,-0.008148024710265211,-0.0044693226696755906
2021-07-09,0.013055109064513681,0.03199955383674746,0.0018746391405437546,0.010674876059491467,0.01812426845728865
2021-07-12,-0.004203855888079033,0.01431592236910939,-0.0022307448701430754,0.0035818040049231392,-0.0009798902735539405
2021-07-13,0.007889085885227853,-0.014873494885601857,0.013197914018361345,-0.003409190231443926,-0.004740869208071374
2021-07-14,0.02410047124378889,-0.00340522472890592,0.005445379411497031,0.0014925154410523334,-0.022174846668501558
2021-07-15,-0.004491755790887786,0.0021918997037477794,-0.0052389898099991505,-0.0034157545022664992,-0.009743029718662699
2021-07-16,-0.01407607276378553,-0.022835218172411853,-0.0009966365914328978,-0.007843391369130703,-0.0276503996380848
2021-07-19,-0.02691456746927523,-0.03251934768884457,-0.01332137276358103,-0.014768075852423124,-0.03436851316309253
2021-07-20,0.025974362783926397,0.018643219294137925,0.008339313604261989,0.014330445780912804,0.011020769197573888
2021-07-21,-0.005131926488765259,0.021040309820804293,0.00744641139770108,0.008096394244481386,0.03216578102858114
2021-07-22,0.00962851624729355,-0.012625652899560968,0.01684443546379244,0.002094237149217415,-0.011253387751667954
2021-07-23,0.011988978201664002,-0.0019214123418636042,0.012336668059462541,0.010287755756988703,-0.0012255841473456375
2021-07-26,0.002894772613040164,0.006704406283272402,-0.0021406314457467213,0.0024550084155643415,0.025245124239952066
2021-07-27,-0.014900161614981422,-0.0013184883165361372,-0.008683424190464084,-0.004557999513642108,-0.011114760012766012
2021-07-28,-0.012196525398664448,0.0016507693587743955,-0.0011170000834953564,-0.0004098000370185151,0.0067439545570289194
2021-07-29,0.0045524954127369455,0.008569218333728701,0.0009785650247977618,0.004147475390228417,0.01219518149099863
2021-07-30,0.0015106930302932753,-0.007973668935219114,-0.005549674621543654,-0.004856429421648989,-0.023078444913874008
2021-08-02,-0.0023310393559291542,-0.004018879683697851,-0.00031617977320363977,-0.0020979773546486724,0.00017384378157281333
2021-08-03,0.012644561990668768,0.011377846326307672,0.008075439243424132,0.008135515615374622,0.010767523440944782
2021-08-04,-0.002782370445345017,-0.010791696997026867,-0.0021245000810612424,-0.004919065496414743,-0.023367684763398344
2021-08-05,0.0007483463941528878,0.01262862073047466,0.010505683984693315,0.006332820628024871,0.00633383241828156
2021-08-06,-0.004766994426140925,0.02840351604664737,-0.0002070283551032226,0.0016524396191235358,0.01153828582420613
2021-08-09,-0.00034193954269301496,-0.0010794433587345553,-0.0039038790502348153,-0.0008135220869442961,-0.011406672378005744
2021-08-10,-0.003354229415810983,0.012267262949701596,-0.006555185448161804,0.0012440013471279876,0.017132781097338512
2021-08-11,0.0017856032903280639,0.011930196928075176,0.0017803800610727283,0.0024847643203911307,0.0029218360972798063
2021-08-12,0.020773403151325587,0.003909090258475745,0.009966762346464764,0.0029970916344310705,-0.0022616582649682693
2021-08-13,0.0014106282445001117,-0.011187158617482984,0.01048996489951115,0.001819924696252917,-0.010113317985712134
2021-08-16,0.013547674908638063,-0.006563491851697578,0.005975533791779064,0.002354600033508847,-0.014620319188822894
2021-08-17,-0.006153878933755186,-0.012080724176222635,-0.005159486543684699,-0.006555300538954589,-0.006793016564865528
2021-08-18,-0.02550091510684993,-0.009107528635972528,-0.006118952664999955,-0.010944907271753124,-0.021058414001464465
2021-08-19,0.002322803965063791,-0.008355842002365832,0.020774986574118026,0.0015481680715641044,-0.030520235917560035
2021-08-20,0.010156803633886602,0.0028516715702726625,0.025575661273463224,0.00795707222212716,0.0001897114065545491
2021-08-23,0.010257195652795259,0.012797422780033374,0.0009528211497369377,0.008796535509281611,0.04114518056586469
2021-08-24,-0.0006015866560937777,0.00619003968937526,-0.0066636069302510315,0.0015873369555403638,0.008195286014174075
2021-08-25,-0.008421223740350148,0.02061276331106532,-0.0020158100119470612,0.0020985305342553495,0.0018062531061417975
2021-08-26,-0.005527078427916443,0.005157776240403145,-0.009668314492499164,-0.0059031925180182965,-0.013523246895203678
2021-08-27,0.007184528473471952,0.008037321250513818,0.0021064161034256568,0.008940868580302963,0.01937494706557996
2021-08-30,0.030417099506173884,-0.01600739476918267,0.012911701481081339,0.004397654054059563,-0.010937782796727302
2021-08-31,-0.008424216706071519,-0.003054417166624912,-0.005632222769427098,-0.0014817436222729352,-0.011602638908300156
2021-09-01,0.004478445665774267,-0.0014376614786151265,-0.00016565080097774576,0.0005316228315237481,-0.013756405745008138
2021-09-02,0.007474731324957906,0.0046331584415808535,-0.002253182171258028,0.0030765983606084735,0.024363028476028115
2021-09-03,0.004230487833659868,-0.006045204716564223,-3.3126347992573635e-05,-0.00024268523559656252,-0.0038126519302723594
2021-09-07,0.015489697880538333,-0.0017556851721669542,-0.0031880170773558314,-0.0035756780572877567,-0.005831857412098684
2021-09-08,-0.01008412632685285,-0.004459645479539254,9.991118771091045e-05,-0.0012181483178898,-0.009166113347385707
2021-09-09,-0.006704806520455797,0.004353743920007425,-0.009859626673305644,-0.00428005876720472,0.0007401461876455073
2021-09-10,-0.03310154071094862,-0.011496178249860933,-0.005180642201463415,-0.007884662269268428,-0.0020335209076508542
2021-09-13,0.003893118453563993,0.015887386808372206,0.004328349689101119,0.0025593722449550604,0.025750039176202888
2021-09-14,-0.009562105766162565,-0.017452789349244435,0.00942801277755767,-0.005396732118661984,-0.014267404143363582
2021-09-15,0.006143867228898703,0.006939910551971629,0.016778601124749937,0.008352723741999135,0.03371188529368374
2021-09-16,-0.0016104672505112827,-0.00044288425733129966,0.001312009132946601,-0.0015852122097407273,-0.01063462763794476
2021-09-17,-0.018347971377681516,-0.0025936923588378846,-0.01752829372493725,-0.009741082169933302,-0.011823630188938727
2021-09-20,-0.021361148946844377,-0.029934121678053205,-0.01857491331112171,-0.016674298502399987,-0.02664993789344694
2021-09-21,0.0034279294455399345,0.00013088844669173483,0.001699281332375957,-0.0009444390550343851,-0.0009310918825089498
2021-09-22,0.016872729935734965,0.019153124167284874,0.012821985137738467,0.009754728792995326,0.029269291117950846
2021-09-23,0.006719175913120212,0.03380123968758064,0.0032823863052386937,0.012150130009171534,0.03387076996773519
2021-09-24,0.0006127477071993237,0.011539978568672282,-0.000701037114158698,0.0016470856253778532,0.008934615024613457
2021-09-27,-0.010550020277657057,0.024166039047502696,-0.017304097707499633,-0.0028610042365475596,0.029692644394366807
2021-09-28,-0.023801165182832484,-0.005390081684743087,-0.03620353872737159,-0.02015174610108339,0.01045529766586295
2021-09-29,0.006482773843416778,-0.0007826841370417448,0.0016929598961972214,0.0016831605724108023,-0.0006676385035220278
2021-09-30,-0.009311499291791092,-0.013618437888970991,-0.007323760717005023,-0.012222405546598591,-0.017702053149451502
2021-10-01,0.008126919167360525,0.021015198969116522,0.025467745573727996,0.01188426636818507,0.03587213328406058
2021-10-04,-0.02460552303364172,-0.0010767811720887588,-0.020719044563226707,-0.012896079643522795,0.012965842048521026
2021-10-05,0.014158312613664181,0.016330293600475443,0.01995676902189314,0.010405040176831859,-0.0016201260026454944
2021-10-06,0.0063071837759827165,0.0021341281536093604,0.015064228585216277,0.004156020198955224,-0.018338356268799316
2021-10-07,0.009084463717787816,0.006330638290850121,0.005936136506504708,0.008645574874855733,0.0028103901262293007
2021-10-08,-0.0027217478353154245,0.00076428186980948,0.0,-0.001823691740590272,0.02505764056943116
2021-10-11,-0.0006297088703961506,-0.02103150624464256,-0.0021024438143534274,-0.007239809275396247,-0.009970820900584987
2021-10-12,-0.009102985444307654,-0.007681112556814806,-0.004588321200566958,-0.0024614142803403016,-0.00519844954017723
2021-10-13,-0.004239736417053774,-0.02636710776725648,0.011711395302465899,0.003597465131330857,-0.0027758243106752456
2021-10-14,0.02022538191586931,0.015341547816418055,0.021733665575699224,0.016820719142979668,0.015228404998677725
2021-10-15,0.007512606089085994,0.019208587720836334,0.004822917188613163,0.007615823322465687,0.009516238049524173
2021-10-18,0.011805940082471933,-0.000359979040079228,0.010124538918255821,0.002960556110696677,-0.0004792601988907741
2021-10-19,0.015080361900528194,0.01212841896470973,0.003058665299381369,0.007714971537008841,0.015025391601547033
2021-10-20,0.003361063049142299,0.013466249513639061,-0.002660233855218408,0.003927692592084142,0.005511810407605067
2021-10-21,0.0014739431461119334,-0.007843643954053903,0.010897613939715223,0.002608050016005725,-0.018167541870401704
2021-10-22,-0.0052846875918224345,0.013451421775829253,-0.005148641140293453,-0.0010359973100571018,0.006859015426913473
2021-10-25,-0.00033670596444712597,-0.00488972103676788,-0.0033314993457775888,0.005362825001975713,0.019486683479521094
2021-10-26,0.0045748756933556844,0.0026905640164140987,0.0064255437281186545,0.0008999872509525275,0.02315475927709465
2021-10-27,-0.0031476848291326354,-0.020828314583633878,0.042114116817807634,-0.0044301729078928265,-0.025972043867664385
2021-10-28,0.02499174890892908,0.015074771797973341,0.00365138539990717,0.009648834985311883,0.00280664936601438
2021-10-29,-0.018155658361727833,-0.002758886276572281,0.022413965153512017,0.0020292191118893577,0.002488113516966317
2021-11-01,-0.0056074013524125554,-0.0005296946263643187,-0.006784920984406639,0.001720014301877848,0.017992895898560457
2021-11-02,0.007115933205610547,0.003945842343871631,0.011415931458450324,0.004043194399496519,-0.012341878965605901
2021-11-03,0.009798561905145942,0.0003517274898923173,0.002611694329090586,0.006105135773977199,-0.013730372677960956
2021-11-04,-0.003498494925959661,-0.013135372889699792,0.007305301169678868,0.004712437438372685,0.007508142026959597
2021-11-05,0.0035824279934457692,-0.001426151755317684,-0.0011295863323066424,0.003469740639616248,0.009470652050141082
2021-11-08,-0.005552807747456923,0.006009979602542792,0.002767317811725789,0.0008537132751200716,0.010765846604519513
2021-11-09,0.0024594467769845085,-0.007571062530775996,-0.003086068493654004,-0.0033053258017357035,0.00973844536717916
2021-11-10,-0.019162720379977793,-0.0009533858763042247,-0.015329823051437708,-0.008044899906041736,-0.01970072055057892
2021-11-11,-0.00033807096957994,-6.002630132018183e-05,0.0049277816519404105,0.00032343668882628407,0.0018692529583488326
2021-11-12,0.014336565726165373,-0.004474678099845253,0.012904863795807131,0.007547099282558367,-0.007619252204011162
2021-11-15,6.65978350291585e-05,-0.0017976086851295703,-0.0019302686114133216,0.00034223933743127155,0.00861804044529757
2021-11-16,0.0066667277106167155,-0.0072046164282473235,0.0102358948765493,0.0039578807644924385,0.01009786326889861
2021-11-17,0.01649013456117654,-0.005382448895244418,0.0006788058837181588,-0.00242927375880031,-0.010919851409145753
2021-11-18,0.028536218972848637,-0.008633718967370418,0.0063398310130353686,0.0033964777129467105,-0.010884636106457735
2021-11-19,0.016975819292108563,-0.013063573757117086,0.0053915563993574,-0.0017883490675476565,-0.04621914617054035
2021-11-22,0.0029276218766605133,0.02131525905304632,-0.009559426666576942,-0.0028151393012763037,0.013845182692919344
2021-11-23,0.002421917021086628,0.023912066365651352,-0.00632705034486869,0.0013259342448537215,0.02633727259436114
2021-11-24,0.0032838223305140524,-0.00784409788095164,0.0006814256146567832,0.002669782881049576,0.0055440787757694565
2021-11-26,-0.031678461524078605,-0.030126885646314938,-0.024355673189328853,-0.022302895346042906,-0.03512925115817511
2021-11-29,0.02187334681346509,-0.004323071102948495,0.021080931341992182,0.012266504000737255,0.00555134616870534
2021-11-30,0.03157779698994134,-0.014885266501596717,-0.017942580025191557,-0.01945757131307735,-0.02841379975014313
2021-12-01,-0.0032064494966500545,-0.005918433461175487,-0.0015426857208864497,-0.011107247920201457,-0.0008357154799126798
2021-12-02,-0.006129650200726866,0.02102744941466872,-0.0017873692382290862,0.01531621265438643,0.02492063490880425
2021-12-03,-0.011724644647014504,-0.01811305766288107,-0.01966661997478636,-0.008701361058185197,-0.006364123199023131
2021-12-06,0.021502810836291797,0.011813684056110052,0.009844728241147349,0.011843436238258676,0.011332051195165116
2021-12-07,0.03544643840016204,0.015047531763966449,0.0267635497975538,0.020684714641143076,0.011204857614131036
2021-12-08,0.02278297618206393,-0.011441299069888555,0.00014950857550610763,0.0026479173275772983,0.0028905115861994624
2021-12-09,-0.0029701940253974435,-0.0015552791703218327,-0.005582706557594519,-0.006751418247954333,0.0025622078973461804
2021-12-10,0.028013530957389454,-0.003988578346206251,0.0283397636056395,0.0094135820194714,0.006388580003090505
2021-12-13,-0.020674345014950246,-0.011888383076688158,-0.009166963677114226,-0.008858423971550455,-0.021901206547001673
2021-12-14,-0.008023189886512405,0.007661961343345736,-0.03258681868744606,-0.00688003622631761,-0.001460408834934701
2021-12-15,0.028509148703372178,-0.007478319647544196,0.01921791052880728,0.015625174061249858,-0.0043873445887799845
2021-12-16,-0.0392639095278855,0.015639213157437437,-0.02913490234285887,-0.00881870191737577,0.0016321299768964348
2021-12-17,-0.0065018116713494445,-0.022754421264654656,-0.003385568542195405,-0.010642896540444369,-0.021834976903127523
2021-12-20,-0.008121742878324567,-0.01798932130675912,-0.012013731205846478,-0.010633434951857312,-0.01449254705490044
2021-12-21,0.019086689942474866,0.013966493798245772,0.02306912426913721,0.01775897624156375,0.022650500654442407
2021-12-22,0.015318929634587919,0.003907961627693135,0.018057252403498092,0.009998768326900942,0.008099221876296081
2021-12-23,0.003643721458448379,0.0035738859534204526,0.004471789228010614,0.006222252165458686,0.0004917406926383538
2021-12-27,0.022974882804067898,0.005723011094237007,0.023185504627466935,0.01415191195893506,0.014257487782817435
2021-12-28,-0.005767270045751061,0.003034449390843408,-0.0035042295656688704,-0.0008172004702020619,-0.0032314158307549246
2021-12-29,0.0005021247153131903,-0.0005039418999860379,0.002051422572855399,0.0012792429150483287,-0.008753497758314022
2021-12-30,-0.006578291360080257,-0.0005046276601140542,-0.007691068201040707,-0.002764504502050791,-0.005887125877497512
2021-12-31,-0.0035353212435460524,-0.0008202720016342591,-0.008841242948274708,-0.002520041709910714,0.006580069646401121
2022-01-03,0.025003986117237087,0.021155796461300724,-0.004668109221198202,0.005789856114872816,0.03840498179550966
2022-01-04,-0.012691468372388437,0.03790961444441865,-0.017147350073890344,-0.0003348747050546663,0.03761397755270801
2022-01-05,-0.026599661005319408,-0.018281957459928555,-0.03838772515184352,-0.019202301729087767,0.012437510143058272
2022-01-06,-0.016693552654226562,0.01062400434037225,-0.007901901476225937,-0.0009393360220445457,0.023520875670097308
2022-01-07,0.0009882838769439406,0.00990796182330178,0.0005098125315989854,-0.003953621752026626,0.00819631230195661
2022-01-10,0.00011594592840324935,0.0009573257398516333,0.0007322178469895135,-0.0012442110108579207,-0.0059520944354040095
2022-01-11,0.016784014695779614,0.0010160841185493652,0.0022594230474428656,0.009108246109446494,0.04206227089753267
2022-01-12,0.0025703705004587185,0.005671702391208289,0.010444866276767328,0.0027035268777690913,-0.002943192383463078
2022-01-13,-0.019028422015382462,-0.001246638896931107,-0.0423223655916114,-0.013778510718363224,-0.007169067015256991
2022-01-14,0.0051110907869205136,-0.06146336373421912,0.017716410486389167,0.0004089334407202383,0.017556257136760456
2022-01-18,-0.018894060333655927,-0.041927985803659196,-0.024339103254467087,-0.017709632119395358,0.016835930010865807
2022-01-19,-0.021024785001783175,-0.015469122475599284,0.0022469433809333417,-0.010383412675774362,0.0004104505052546781
2022-01-20,-0.010347189803076473,-0.008527313282996163,-0.0057033536982850075,-0.01106811483059933,0.0021884963139526814
2022-01-21,-0.012765286057433656,-0.01747247541979191,-0.018468283343715197,-0.019630623375643474,-0.015012934498396135
2022-01-24,-0.004864363942874594,-0.0008962058975600096,0.0011483818483908337,0.004246522869489011,0.008590878668781832
2022-01-25,-0.01138467570443824,0.010900006876605861,-0.026588240188112566,-0.01220879696512922,0.02939951128870688
2022-01-26,-0.0005633392272141879,0.009486179864443,0.02849331862365445,-0.0025088409577705972,-0.010142861475931908
2022-01-27,-0.0029430955907908674,-0.017644384919432543,0.010549017029950924,-0.0049380386330309944,0.012808611766916833
2022-01-28,0.0697776320881709,0.008946235612610431,0.028081584766525225,0.024835374553834555,0.0021298194417123106
2022-01-31,0.0261259068676456,0.013573707278266012,0.008823794834771803,0.018011141235086958,0.009032998218760468
2022-02-01,-0.0009725645010474349,0.01715980070126344,-0.007138875256114341,0.006756988988147139,0.06411248787203894
2022-02-02,0.007043945574898958,-0.008004821888999314,0.015222209572142376,0.00971399186507016,-0.0025978407929369007
2022-02-03,-0.016719389540748697,-0.008270209955471453,-0.03895236860082851,-0.02350481444235797,-0.011659928517021134
2022-02-04,-0.0016795787025160047,0.025958149691550414,0.01556853125543034,0.004702260322897445,0.02171209524789597
2022-02-07,-0.004234584650641082,0.003343167534448188,-0.01631034194154357,-0.0032093778375135162,0.012037796194871886
2022-02-08,0.01846673654584441,0.0188148181402783,0.011995333251611617,0.008227861285523552,-0.02585259227992076
2022-02-09,0.008293907212058027,0.004168039598012152,0.02183465852687405,0.014636115168010111,-0.0047870555388613845
2022-02-10,-0.02359876997627941,-0.004150739152862126,-0.02837319818890982,-0.01796569299496853,-0.009620274916006588
2022-02-11,-0.020218526727352693,-0.013017188827769144,-0.024273855862925298,-0.01971864206720919,0.025178820641716282
2022-02-14,0.0014229193917181249,-0.00929042601756902,-0.0001356453036027716,-0.00326941831323746,-0.015334518409433673
2022-02-15,0.023152673939267343,0.014623883035706609,0.01854209952336605,0.016127035554109215,-0.012534959153957748
2022-02-16,-0.00138901506229272,0.0018098013352203512,-0.0011669731040685472,0.0011207715259200501,0.004615802641941835
2022-02-17,-0.021269285987108977,-0.023032458314348414,-0.029281934391142017,-0.021361438191191184,-0.0015312316120009717
2022-02-18,-0.00935554994154053,0.004688964634508741,-0.00963124150782968,-0.006475123512536873,-0.011121327464939545
2022-02-22,-0.01781239450986849,-0.0017746400548547259,-0.0007293678308137874,-0.01073168136901348,-0.011633824303250218
2022-02-23,-0.025863862375865243,-0.02093918379799642,-0.02589320124884531,-0.017738640232632275,0.0040542484871795015
2022-02-24,0.016679907393467364,-0.027843438230028883,0.05109346093566747,0.015049113346879306,-0.012634931789188952
2022-02-25,0.012965482626851044,0.023659919415184083,0.009233153812577832,0.02206402247960093,0.026912689301257675
2022-02-28,0.0016377528895652471,-0.04169783814404837,0.0049782389722357046,-0.0025585495172558703,0.007451292770644713
2022-03-01,-0.011627724755319369,-0.03772886902939376,-0.012851832698540622,-0.015230341484998688,0.009563958233009817
2022-03-02,0.020588052131042867,0.020740147367288575,0.017765767769992502,0.01839622755074899,0.017178035016108373
2022-03-03,-0.0019810644009709,-0.007108002992804785,-0.014224367632777457,-0.0049783456076771815,0.0063332624018452854
2022-03-04,-0.018408200977550915,-0.02812934842276904,-0.020478642712783435,-0.008124699853791495,0.03763566475813063
2022-03-07,-0.023717644730089527,-0.03861596321719096,-0.0377766804839349,-0.029479132771001226,0.036033056465084146
2022-03-08,-0.01167619737435277,-0.007042847769858085,-0.010971299124922451,-0.007581681944362262,0.007575605802591756
2022-03-09,0.03499757774651524,0.04006217329307327,0.0458583786207023,0.026810733495304495,-0.05684672316573114
2022-03-10,-0.027186194047626566,-0.011840263486063485,-0.010086654646455862,-0.004515484938922398,0.031042512004151535
2022-03-11,-0.023908820444894174,-0.022524076594902076,-0.01932859371501472,-0.012715123509262183,-0.005154742975919113
2022-03-14,-0.02656240571083912,0.009931013950031264,-0.012961018273518476,-0.007308290039722776,-0.035798377614665644
2022-03-15,0.02967716082512939,0.017745963987211955,0.03874259345862119,0.021990395406328744,-0.0569125410739858
2022-03-16,0.0290156935032877,0.044686090355164465,0.025213246941067302,0.022174221963116914,-0.003755558881247789
2022-03-17,0.006453977900234165,0.01264445583335494,0.0028193742339415184,0.012511015990089858,0.02664777702584864
2022-03-18,0.020918851451698472,-0.0003568805087473814,0.01764779174727371,0.010952667139108696,-0.003925336242940891
2022-03-21,0.008537639026686472,-0.0032119178603758902,-0.004227097716667849,-0.00029237958676819886,0.044871059362846744
2022-03-22,0.020800764147790307,0.021267757337129378,0.016379096078977806,0.011701434211101258,-0.004379504745669949
2022-03-23,0.008233864883324449,-0.019913374014339125,-0.015030004501790595,-0.01287837068844866,0.015762390852059438
2022-03-24,0.022677500669684214,0.006510337838466773,0.015393022736977846,0.015074200312648722,0.003007360456661612
2022-03-25,0.0037340551778337616,0.008742746442036653,-0.001381377094784253,0.00488375113093209,0.02182771974301434
2022-03-28,0.0050365583853750895,-0.0073987424361142695,0.023116573900360926,0.00711302481301801,-0.028051631000451493
2022-03-29,0.019134496731897377,0.0022007947324373944,0.015159407152172122,0.012370700256758571,-0.00531326313490188
2022-03-30,-0.00664953581465022,-0.004533550120286001,-0.004914598880135124,-0.006174750684920793,0.017117898340948123
2022-03-31,-0.017775823350996256,-0.030026823993428486,-0.017682822271991472,-0.015391328173056551,-0.014203934485012448
2022-04-01,-0.0017183276408373471,-0.007408894566527824,0.003600492658066612,0.002834215900257453,0.006417469023733968
2022-04-04,0.02369369705323776,0.004434180202438576,0.01793665463773264,0.0085666983078867,0.00048083668552711956
2022-04-05,-0.01894194714348163,-0.011637468856312116,-0.012985487203160395,-0.012631469405284146,-0.005170485134987746
2022-04-06,-0.018450627748218262,-0.013874353140740925,-0.03660564491226559,-0.009999347887269194,0.011120649817855988
2022-04-07,0.0018040053345433904,-0.0030421327879212035,0.006243522115392697,0.0050389051493240355,0.016736354054503577
2022-04-08,-0.011908846536785034,0.018308300395256882,-0.014599740503490222,-0.002673975874210921,0.021046413984910473
2022-04-11,-0.02551600018475708,-0.003670844800243711,-0.03943181608138491,-0.017092201520028993,-0.03443112936682635
2022-04-12,0.011523244689300105,-0.010977382424407045,-0.011217651862964084,-0.0037052760541723684,0.020870228895283116
2022-04-13,0.01634263479231346,-0.032233564323525976,0.019711978848027334,0.01145363052229409,0.014135803562491445
2022-04-14,-0.029987991593841246,-0.009269415683220261,-0.027084138811517278,-0.012451827573157215,0.0117495926330633
2022-04-18,-0.0013310454516091141,0.018553907710139983,0.0024655249268290547,0.00041127762587844785,0.008197949539082483
2022-04-19,0.014115100493588884,0.020706672710165464,0.017039892975770243,0.01614258242880995,-0.008921801267506413
2022-04-20,-0.001015452571520692,0.0035082408053708214,0.0037152877678352514,-0.0007414720030911592,0.0022791808167526018
2022-04-21,-0.004843519604360469,-0.007752061331770088,-0.01938117377012627,-0.014953574662175728,-0.010573173558527715
2022-04-22,-0.027821449736689652,-0.0287222271365144,-0.024144220253365045,-0.02743915345083925,-0.02183135204579545
2022-04-25,0.006737057719507167,-0.0003156268091454306,0.024413490039910446,0.005797689478052703,-0.0337132589386997
2022-04-26,-0.03732776601970411,-0.0295809921615795,-0.037403909744693875,-0.02896088477292702,0.0003647728838724884
2022-04-27,-0.0014668391946590642,-0.013006065755007734,0.04810888083220344,0.0028117639590889976,0.028557386539046936
2022-04-28,0.04515531164027631,0.015812817930969558,0.022632541381884863,0.025259344225323277,0.030245699048139674
2022-04-29,-0.036604856502888916,-0.0322683845369498,-0.04181213512165538,-0.036955543542608105,-0.022362170274443316
2022-05-02,0.0019663679590886662,0.009131844568946557,0.025043267123976642,0.006019135677322041,0.013606927080155984
2022-05-03,0.009622777300974494,0.021419801274865424,-0.009455826694226732,0.004584194581615186,0.020599486484382812
2022-05-04,0.04100813911174983,0.03308123965477883,0.02910054213236335,0.030453025702853687,0.03980038286571963
2022-05-05,-0.05571604847161482,-0.025019574564411173,-0.043554843927360865,-0.03554286404085005,-0.01515812617390977
2022-05-06,0.004727299085811598,-0.0016137805193092714,-0.009446515904135588,-0.0059688827524633226,0.015280841452131266
2022-05-09,-0.03318924139951274,-0.015034028236858621,-0.03694536791899916,-0.032017251155345705,-0.07885293460508591
2022-05-10,0.01611201382617833,-0.024372260309038718,0.018595462704000143,0.0023106600089937146,0.006630550189549389
2022-05-11,-0.051841312372081116,-0.006308492161658852,-0.03320950687532409,-0.015886257085376165,0.020818694824030537
2022-05-12,-0.026894256362352875,-0.0008463674443804914,-0.01995770638086858,-0.0010441613063347788,0.004539835128561265
2022-05-13,0.031916421014497987,0.008895315846471519,0.02259655414409445,0.02390805984704758,0.02966372543964213
2022-05-16,-0.010672317827205124,-0.0069695053745969515,0.0014550147812031344,-0.004057695315121679,0.023520061289396654
2022-05-17,0.02542285057752025,0.03314730337465255,0.02034423017972964,0.020570640091544412,0.012754259886537334
2022-05-18,-0.05641929216370967,-0.017105856844063294,-0.045529644529540225,-0.040311640889178935,-0.015850560277703818
2022-05-19,-0.02464141809711462,-0.01482238265757252,-0.0036996929949737467,-0.006124636828574226,0.005405545887172458
2022-05-20,0.0017474610535468393,-0.008198766681373315,-0.0022912570177788805,0.0004364790852735556,0.007899862883310682
2022-05-23,0.0401192309515388,0.061871576277158,0.03203206814499504,0.018709921515221994,0.022098889655443044
2022-05-24,-0.0192161635954311,0.014125228570476045,-0.003951722250068457,-0.007633397993125124,0.005431920836275417
2022-05-25,0.001139991385745942,0.006964109142414188,0.011170220342768822,0.008834780660751607,0.020126852215846647
2022-05-26,0.0231993249365412,0.017290196098205923,0.012875204082391178,0.019981333365796994,0.0035309271671633002
2022-05-27,0.04075678553539208,0.014137940682726668,0.027604444209817114,0.024549221576764202,0.009830122432078703
2022-05-31,-0.0053459515611749,0.007313109356108294,-0.005014053286727438,-0.005610983075331033,-0.01629280993390747
2022-06-01,-0.0008733143130474907,-0.017545139911075314,0.0020231373470158687,-0.008088690290096179,0.019166711506607426
2022-06-02,0.016811053633576822,0.016087945851682273,0.007928905689936316,0.01904363340881665,-0.0017373630715145083
2022-06-03,-0.03855565054348131,-0.013939410839370558,-0.016607188256447025,-0.01641163444821414,0.014538630448468703
2022-06-06,0.005227336795883719,-0.003303731888692152,-0.004703652633259892,0.0030448196509957892,-0.0025228449554592913
2022-06-07,0.01758641245727821,0.0026211086512593074,0.013953846240327916,0.009592219274534797,0.04583177849949727
2022-06-08,-0.005043609158860152,-0.015914524369285865,-0.007669708100646266,-0.010872110797431112,0.01180198096691587
2022-06-09,-0.03595562495818383,-0.021015822462966627,-0.020783474062471163,-0.02378294119381652,-0.021608043345231365
2022-06-10,-0.03862891410760305,-0.045965892986988055,-0.04456332890651582,-0.02899551320932059,-0.018274236159661283
2022-06-13,-0.03828460419552793,-0.029778317697955248,-0.04241297539169375,-0.0379681872441201,-0.04588891898950742
2022-06-14,0.006672525411894448,-0.01663947935448018,0.009205074028456606,-0.0030133783541238524,0.0026081240378275083
2022-06-15,0.020111523296236777,0.011835932544414174,0.029735339796364224,0.014256208220741584,-0.012590755193803371
2022-06-16,-0.03965157765131033,-0.017156223938043724,-0.026970034260650144,-0.03309598374491396,-0.03688497757402187
2022-06-17,0.011533144918960403,-0.0035263434527531556,0.010939910183002777,0.0021556177075721106,-0.057665016066806185
2022-06-21,0.03276065300062947,0.024772206036851818,0.024591373879611522,0.025173771565763614,0.062238862436698295
2022-06-22,-0.0038271793889527173,-0.005611684875695189,-0.0024041713069891113,-0.0018130650096431777,-0.039571415067965465
2022-06-23,0.021574022026427775,-0.010939503958937835,0.02263663940491223,0.009802604741864007,-0.030161940163546008
2022-06-24,0.024517247908387496,0.029845587556890818,0.034149733385590464,0.03179388538487782,0.019833483282893916
2022-06-27,0.0,-0.008012352202411033,-0.01049687751930295,-0.0038196678815241025,0.024511129921208408
2022-06-28,-0.0297894778595148,-0.0048116684210529614,-0.03174882772051124,-0.020432925416896897,0.02774327641613228
2022-06-29,0.013023420685015719,-0.0044898665482527855,0.014737969128445272,-0.0008142406745949016,-0.036939937484587126
2022-06-30,-0.018027700801295787,-0.023330518522434396,-0.013179346437682482,-0.008124388895722867,-0.028143358238749805
2022-07-01,0.01616450096393862,0.012787728386831843,0.010707572823529299,0.010576340413593455,0.022302876027480156
2022-07-05,0.01893042133542111,-0.003803854130025708,0.01259726790227722,0.0018885038957288103,-0.031296574359612195
2022-07-06,0.00960712643079109,-0.006481911073714319,0.012783125000972895,0.0033774473546468453,-0.0180406404911444
2022-07-07,0.023999570467740483,0.025292812699641676,0.008226655271068806,0.014977265102611215,0.03194099693042474
2022-07-08,0.004714730112278298,-0.003138006947250749,-0.002757445630888089,-0.000822704260107332,0.0016286648258350134
2022-07-11,-0.014757837514318362,-0.013116565701992822,-0.011768392596455568,-0.011423656302021579,-0.00511139495923707
2022-07-12,0.00683372938178084,0.0009747344616011233,-0.040981599369745436,-0.008848625637396412,-0.013311443915039245
2022-07-13,-0.0025365578600372585,-0.009383035247086391,-0.0037449419523761796,-0.005251865240603504,0.004023486238683649
2022-07-14,0.02048239702233734,-0.03493898929099082,0.005381449510506231,-0.00242860428109426,-0.02003773898106398
2022-07-15,0.011450152799400426,0.045833562878104805,0.010390219937687295,0.019105233730942972,0.01683904136258052
2022-07-18,-0.02064310781997558,-0.010270119531711974,-0.009621280539501842,-0.00825697046142404,0.01845279681394474
2022-07-19,0.026721645617754808,0.024778490120994423,0.02076716658006572,0.027019271892079644,0.02520333154125587
2022-07-20,0.013509989287914248,-0.00017458128614256108,0.010557246915456897,0.00637311205365676,0.010989206519167904
2022-07-21,0.015094197617942173,0.006810005152143139,0.009799233761901949,0.010183259628951502,-0.016696768904766124
2022-07-22,-0.008110782197378597,-0.004855987205312884,-0.01691603759940785,-0.009278199930170872,-0.0076350823796980105
2022-07-25,-0.0073983955496088605,0.004008370837523367,-0.005876313341404815,0.0012149219529682398,0.03330250111700406
2022-07-26,-0.008826362096182594,-0.015622454611235792,-0.02677439526542169,-0.011830871626113293,-0.0038894805304875435
2022-07-27,0.03423479476864877,0.0160465774986831,0.06685200903872035,0.02596641271140543,0.021644333442204733
2022-07-28,0.0035717625559679167,-0.0037314215891341984,0.028540674190832505,0.012542192247315898,0.011685092530804742
2022-07-29,0.03279294208211425,0.004790604042792745,0.01566511077541133,0.014578900304010878,0.04630845269743644
2022-08-01,-0.006153151532670376,-0.009968735988446942,-0.009724329714643543,-0.0029612712055365753,-0.025276083582545295
2022-08-02,-0.00928768998719498,-0.015585421387265264,-0.011474382596025956,-0.006597420100265983,-0.00433971539631095
2022-08-03,0.03824786844421957,0.01049558463767708,0.027836184979042056,0.015659477464466942,-0.03242268346760002
2022-08-04,-0.0019262192174073212,-0.011002567990161749,0.004177669623815827,-0.0006756248949179033,-0.04207839378228906
2022-08-05,-0.0013889461253931978,0.030259698349616615,-0.0026088633446933462,-0.0016899715844113095,0.014450842177696988
2022-08-08,-0.002903020666232048,-0.012180320267806022,-0.009155016853116371,-0.00116107008879196,0.005652853698696836
2022-08-09,0.00030310163954894165,0.009007593522746493,0.007063341817352686,-0.003970965787304603,0.01843757323455497
2022-08-10,0.026194655001433587,0.026087673597071426,0.0243004622686831,0.02100392879580637,0.009493277072310402
2022-08-11,-0.004431515402663955,0.014781462701938253,-0.007400771119555727,0.0,0.02892789794214945
2022-08-12,0.02142538610603162,0.01656417450046166,0.017037254643301525,0.016929079103573885,0.008692090479567316
2022-08-15,0.006333640620920233,0.0027019741801610486,0.005344160093207373,0.004120593871964395,-0.017872296923915232
2022-08-16,-0.0009237791136710305,0.009554154490640565,-0.0025897747653110814,0.0019589952046061843,-0.009315694597307078
2022-08-17,0.008784599973715279,-0.00841227790103305,-0.0026361756152949445,-0.007098169043945002,0.008091077988059414
2022-08-18,-0.0022918543931127466,-0.007749420764502135,-0.003947735253993834,0.0029063345901232385,0.023644363164251336
2022-08-19,-0.015101703547133138,-0.02474505118582837,-0.013853976802885137,-0.013437862801883083,-0.0031787659132865853
2022-08-22,-0.023029526316390436,-0.016522054047526158,-0.029355240135035543,-0.020822530024039887,-0.0007441109738502982
2022-08-23,-0.002028809427804701,-0.009856733335279477,-0.00471627920861406,-0.002419300646387179,0.04244241691758477
2022-08-24,0.0017939674695262031,0.002423681347259121,-0.0023514201170995452,0.0032011094313579846,0.005918379674148211
2022-08-25,0.014922524636913126,0.023747951124426292,0.011095499508154694,0.014117533085566514,0.005173327283539919
2022-08-26,-0.03769915146513292,-0.03272892551436102,-0.038587059969702575,-0.03384890476950464,-0.012311880268959352
2022-08-29,-0.013690292471925547,-0.0024417934031149002,-0.01066816743905763,-0.0066122175532790095,0.02298957952183911
2022-08-30,-0.015305412362818016,0.00017491389459367568,-0.008520915075633684,-0.010977966306758624,-0.03805439402411137
2022-08-31,-0.010634844231898422,-0.005943399248711234,-0.005703851869085286,-0.007609005589302442,-0.007475906625730611
2022-09-01,0.004706551375963874,0.0068583583087160616,-0.004092360996208244,0.0031377793509335117,-0.0179934079768741
2022-09-02,-0.013611097252894777,-0.006986445264319574,-0.016666711895356512,-0.010544354925266286,0.01832310304537188
2022-09-06,-0.008214984635560585,0.000263755853922909,-0.010973921841508694,-0.0037731730986650946,-0.006695263620806857
2022-09-07,0.009253681410750447,0.01899085838426795,0.019111457250785557,0.017965081110105086,-0.00853079197061457
2022-09-08,-0.009617620334368748,0.02329583401624391,0.001666048890399896,0.006536296473775849,0.008179545738068894
2022-09-09,0.018839882583445933,0.004806078286686555,0.022976826243415793,0.015535179262217147,0.016752550450178427
2022-09-12,0.0385077288360387,0.011831855150201243,0.008281369667501703,0.010747655801442324,0.011502610940805624
2022-09-13,-0.05867947429600551,-0.03474876760045331,-0.054978563520293955,-0.04348260591061337,-0.02335829119782873
2022-09-14,0.009555457145683288,-0.0023197186945643766,0.0009126406304742485,0.0038160552714128215,0.024546422437998983
2022-09-15,-0.01893002920849829,0.01507071147614858,-0.027119033250159186,-0.011353295876913028,-0.0290774897170899
2022-09-16,-0.010960024001288593,-0.006702450650298952,-0.002608295258229698,-0.007629003448871963,-0.0170832616841482
2022-09-19,0.025083008710963917,0.009224547885582135,-0.00089880384914931,0.007754920781114061,-0.0001073599809829906
2022-09-20,0.015665252007912134,-0.019718912735668503,-0.008465591815633444,-0.011478544633695353,-0.008154485903734354
2022-09-21,-0.020267683166461103,-0.028835401750049505,-0.014436052961103063,-0.01744385004475346,-0.016118667616213056
2022-09-22,-0.006375042215809201,-0.011378879699485256,0.008495478051119498,-0.00839963917532327,-0.004177919650465212
2022-09-23,-0.015123929272476744,-0.018613386808833288,-0.012698134248385506,-0.016754855288022896,-0.05321838493718656
2022-09-26,0.0022604886383503775,-0.021532008644853273,-0.001975399807416789,-0.009892691918449215,-0.020641482988510762
2022-09-27,0.006566168443648657,-0.008802413781700547,-0.0043798237780114935,-0.0025528139109177728,0.020957065603326663
2022-09-28,-0.01265163008098269,0.02021732058244674,0.019711517352619667,0.019676375131109314,0.036389352210165926
2022-09-29,-0.049119095887475095,-0.016945962292281513,-0.014808957484933716,-0.02088909273225703,-0.00202571953888675
2022-09-30,-0.03003928749911766,-0.01563664044610713,-0.019368606939130895,-0.015463392256773734,-0.015448936730846907
2022-10-03,0.030752410283772402,0.03090889275099018,0.033662662040377045,0.026401243751338566,0.05280044341508794
2022-10-04,0.025623273383077017,0.04678369841184149,0.03381253906852111,0.03098643347998231,0.03644457614575125
2022-10-05,0.0020534234806917073,-0.012346769199602647,0.0012855864526761795,-0.0023280547733794954,0.04041173674681531
2022-10-06,-0.006625843028027378,-0.02038219001157815,-0.00967095134699203,-0.010315938824724702,0.02966101251608544
2022-10-07,-0.03671860696498275,-0.01997410558145829,-0.05085283171869559,-0.027893885426273024,-0.01009207846775173
2022-10-10,0.0023554361989568395,-0.009341596139960995,-0.021303099282908855,-0.007635347435326456,-0.021676728625959818
2022-10-11,-0.010254707855227307,-0.028859893434754258,-0.016750204657975054,-0.006332791328876208,-0.008498607098895161
2022-10-12,-0.0046051180603926545,0.016183077295014447,0.0015082677805786648,-0.0032985875673133824,0.004387574197991517
2022-10-13,0.03361291569383984,0.05559289454804994,0.03760817175175202,0.02639100708880937,0.03494884019514344
2022-10-14,-0.03224002675843851,0.016640947432433162,-0.024248760518123746,-0.02278853736151265,-0.026307940455364665
2022-10-17,0.029122786050249205,0.04200001387431529,0.039245588124556585,0.025696816128676803,0.01441679449660005
2022-10-18,0.00940916240478229,0.02572065731833395,0.0040838898798229994,0.011749810029931362,0.0017887909248834877
2022-10-19,0.0007653353061785051,-0.01960621330325607,-0.008469564998680235,-0.007086513822790685,0.029662786414135223
2022-10-20,-0.0032669887303636846,-0.0032614365084839836,-0.0013956290653415193,-0.0083854027359066,0.0013487424739477838
2022-10-21,0.027059075400470922,0.052527283162387084,0.025280649697283053,0.024301472264603108,0.018570098429770088
2022-10-24,0.014802584188180479,0.0012273068340369342,0.021187722446472046,0.012236441617179183,0.006990540884060037
2022-10-25,0.019337600092855345,0.00261466559016732,0.013791747790329545,0.015968482886503876,-0.006754344493213771
2022-10-26,-0.019627121123956592,0.011491560695001457,-0.07715616684623738,-0.0075341035707024995,0.011900380802065014
2022-10-27,-0.030465480926603172,0.003947990008164259,-0.01975633254603626,-0.005339909410397414,0.0038266334917016476
2022-10-28,0.07555261574278327,0.011878137461397209,0.04022051662843129,0.023790637274882398,0.02928878899416798
2022-10-31,-0.015410367940174918,-0.0015863735152786829,-0.015856195264119632,-0.007223286757833791,0.0009936720056467063
2022-11-01,-0.017542552557410884,0.018033074957124917,-0.01705936221578641,-0.00437567382710613,0.009926934003681387
2022-11-02,-0.037305238021982934,-0.009208063082348228,-0.0353682694386287,-0.02509635763442808,-0.02055222507471377
2022-11-03,-0.04240463859546606,0.0018115258035298343,-0.026578842732911,-0.010296754480868642,0.013593500878158471
2022-11-04,-0.0019476384967167526,0.027358552940871084,0.03332551034035003,0.014393106672661471,0.010891117757546809
2022-11-07,0.003902317695691382,0.005279844985594417,0.029269723411891713,0.009565587880450366,0.011842308558821957
2022-11-08,0.004175230554761322,0.0006091238263885579,0.004388365109165404,0.005395177225498982,0.003167918541627346
2022-11-09,-0.03319032519223675,-0.013008688611725105,-0.019050125046742417,-0.020601939154760274,-0.044736882401018696
2022-11-10,0.08897490567320743,0.04115915364561684,0.08226795691346589,0.05495423593192017,0.014692303492652714
2022-11-11,0.0192687791407109,0.0016286537949905533,0.01699732697045442,0.009678483671544225,0.031221677594372332
2022-11-14,-0.009485530696612843,-0.01027335161652232,-0.022500074828033734,-0.008506675344299941,0.002919579382785642
2022-11-15,0.011869287453448285,-0.007243738198258742,0.001738718547852347,0.008528911663733485,0.00670354529014161
2022-11-16,-0.008331231236914927,0.0013539059322054126,0.0018235727293618442,-0.007628569190647472,-0.010689539239569279
2022-11-17,0.012971450294184672,-0.004356908764851397,-0.00020690733647810156,-0.003059891284376337,0.0013284505795809753
2022-11-18,0.0037817340935719646,0.009808380514601422,-0.0019034360464408318,0.0045403680430187165,-0.008667867714854172
2022-11-21,-0.02168035578545746,-0.005902415772197855,0.0034410541841880526,-0.0036360973018604303,-0.00990373074714379
2022-11-22,0.014661097562522762,0.014956452571593948,0.012311336690280505,0.013456898075540069,0.028926707425235065
2022-11-23,0.005926469047435434,0.01066379586518118,0.010406900790779439,0.006301671910329487,-0.004992068549833029
2022-11-25,-0.01959355310687072,0.0019051663492808402,-0.00036343072277367217,-0.00022370710406349748,-0.0035208084609268386
2022-11-28,-0.026264112118492777,-0.01747861263864736,-0.023152360738375566,-0.015957025271364222,-0.030032686712032963
2022-11-29,-0.02114835742198129,0.01644948221258047,-0.0059151050740475775,-0.0017174677504274705,0.006647947552755662
2022-11-30,0.04859400289052296,0.01186281191278482,0.06162362924359388,0.03150059488977375,0.007237026138927405
2022-12-01,0.0018912108749919998,-0.01403955134083168,-0.0017638008146085848,-0.0007358861992509125,-0.004849920783600581
2022-12-02,-0.0033713030864357396,-0.007927096500085828,0.0012957680492189372,-0.0011538237505567261,-0.008483734164517642
2022-12-05,-0.007982920273367222,-0.028041058157213583,-0.018900486074780343,-0.0179891001253083,-0.027398635994756226
2022-12-06,-0.02537005358776412,0.0016749011183938567,-0.020303728527568454,-0.014414811260186733,-0.027796032455180586
2022-12-07,-0.013784868275464102,-0.0006839924155754851,-0.00305985678334475,-0.0017012031200795974,-0.002213881940105633
2022-12-08,0.012132679401420043,0.01049441050138622,0.012399386111903166,0.007833908037375492,0.007428787602344222
2022-12-09,-0.0034350119497121856,-0.005418630105794797,-0.00800325439390015,-0.007470113613425755,-0.008427402147443752
2022-12-12,0.01639025738466504,0.015511727931935892,0.028889191612955223,0.014417020793540791,0.02462806045816812
2022-12-13,0.00678242894145642,-0.000968756730266862,0.017464698732815087,0.007569913118425253,0.010934086481695804
2022-12-14,-0.015535896144603711,-0.004997003257909305,0.0011678627289235521,-0.006393411399447491,-0.007365830100245052
2022-12-15,-0.04685419382130618,-0.024810775283572895,-0.03191843689796481,-0.024461795734401104,-0.009580958868921519
2022-12-16,-0.014579078738370721,-0.006225860676995043,-0.01734864459351393,-0.011806066607231047,-0.007018272452260277
2022-12-19,-0.015909200243789612,0.005955403276738824,-0.01732797632543992,-0.008479985660704403,0.004488882025688978
2022-12-20,-0.0005290598396806567,0.00484414458077187,0.005614543472855615,0.0013687066530503333,0.014452918990781827
2022-12-21,0.023809504260816627,0.011247774186747606,0.010876650942204913,0.014952459810976926,0.012840707665952689
2022-12-22,-0.02377271041091311,-0.011349724918956805,-0.02552897365439699,-0.014266243762891873,-0.020174089671364914
2022-12-23,-0.002797962399901155,0.0047450275315827906,0.002267205626004465,0.005752395639999186,0.026445217197831772
2022-12-27,-0.01387854744044592,0.003504041338628028,-0.007414097516470819,-0.003943521692736374,0.013894086176889697
2022-12-28,-0.0306850897221147,0.0054652683577778305,-0.010254852367965639,-0.012427779847275278,-0.01642617161835569
2022-12-29,0.028324350558391442,0.005737805051004186,0.027629566046020182,0.01800016142657146,0.007565953029442296
2022-12-30,0.0024687024217755482,0.006605445093677442,-0.004937533794359572,-0.002633959715841905,0.010073157054785842
2023-01-03,-0.03740459045479971,0.007606179523748313,-0.0010006602072010207,-0.004210015651875287,-0.03436079283256355
2023-01-04,0.010314282187077861,0.009325295495504315,-0.04374314196143103,0.007720259363264814,0.0029105581660504587
2023-01-05,-0.010604726114421315,-0.00022179379793507703,-0.029637780134984082,-0.011413321370421503,0.022374073508438563
2023-01-06,0.03679436882123266,0.019135494795053498,0.011785412429914155,0.022932006919602177,0.012086697803197044
2023-01-09,0.004088885813483545,-0.0041321147444634,0.009736134397501761,-0.0005669057470593097,-0.018637353787075095
2023-01-10,0.004456154932475087,0.008953902818613857,0.007617141001086125,0.007012656449188137,0.014934969069922754
2023-01-11,0.021112255651289047,0.007431257305769545,0.030238235103933864,0.012648023284842713,0.01162682314453578
2023-01-12,-0.0005992514413711847,-0.0010026299282557272,0.011621480690718888,0.003640885218992862,0.016611449118301147
2023-01-13,0.010119173074534027,0.025234804479225215,0.0030186000043463945,0.0038796483023191275,-0.0006181502044423359
2023-01-17,0.0087564359395369,-0.015453370801912225,0.004681810356734095,-0.0018321521736786028,-0.001944619668395653
2023-01-18,-0.005370373837195186,-0.030042730734622936,-0.018889178815061913,-0.015787910970114005,-0.020543500250316593
2023-01-19,0.0004440369929066268,-0.013326535538432882,-0.016454022595410955,-0.007280048281578799,0.006418972045284521
2023-01-20,0.019220826359020338,0.002449122989244934,0.03574369429490121,0.018629248933248688,0.018235477987735615
2023-01-23,0.023500175639869836,0.016212830334132455,0.009824364149304099,0.011998622360143374,-0.005205142702771726
2023-01-24,0.010063179555213742,0.00859611777510838,-0.002226175305463207,-0.0010733435820641235,0.009311981525198965
2023-01-25,-0.004700729682240223,0.004839177739401901,-0.005908069254561332,0.00037481709570053034,-0.005272006887030223
2023-01-26,0.014803242387889215,0.006181758958271555,0.030713610074831976,0.010990223817619604,0.04019081358457521
2023-01-27,0.013684435528352745,0.0024290209242348038,0.0006453135241866192,0.0022976324782184587,-0.018257465364591274
2023-01-30,-0.020078134329413633,-0.008480679402530389,-0.021961847190497097,-0.012546528239065768,-0.01773195029281982
2023-01-31,0.009020812794450883,0.0059655575302011155,0.02101281962196966,0.014703207327373846,0.02157440657208931
2023-02-01,0.007900951284600888,-0.0026437276147590616,0.01993449658865365,0.010627675186067664,-0.010947416678791733
2023-02-02,0.03706283931437149,-0.004656333937694601,0.046884514053880055,0.014557082678519961,-0.03128801986065621
2023-02-03,0.024399365914042015,0.015474299749093312,-0.023620759243762612,-0.010629002975873325,0.0069275199547975674
2023-02-06,-0.017928696410092537,0.005882685216761274,-0.006115571796507457,-0.006111494416061403,-0.0016974456510624458
2023-02-07,0.019244872965102244,0.012190137085670294,0.042022243152476824,0.013078638524091746,0.02855062916345763
2023-02-08,-0.017652722788023878,-0.0070310820871783974,-0.003102356217541402,-0.010934767554053204,-0.008701536867697368
2023-02-09,-0.00691169655460111,-0.015563641753642221,-0.0116597077734516,-0.0086690968469183,0.003774456685329053
2023-02-10,0.0024563881056178793,0.004415387684125527,-0.001972585762454737,0.002333534043900798,0.04215134345576321
2023-02-13,0.018806751740432004,0.010848035043600213,0.03124295451823844,0.01173904200435949,-0.0038896605641536297
2023-02-14,-0.004225051545467706,0.004418908354081319,0.003132892905297835,-0.00046012521852478727,-0.01171476395634563
2023-02-15,0.013903230602277716,0.0041898431174722806,-0.007992861071667745,0.0032472777471674874,-0.003006373582144284
2023-02-16,-0.010429122901517207,-0.013769239789010457,-0.026622683730122,-0.01376871741374841,-0.0029291727280349455
2023-02-17,-0.007546761282417158,0.002961441350898486,-0.015601912766238124,-0.0024981908778450856,-0.038451555405140225
2023-02-21,-0.02667982573878347,-0.018349300386978573,-0.02088654600789175,-0.02006106193106183,-0.0009886297638870278
2023-02-22,0.0028960665545374464,-0.007663125778403224,-0.004590902616632753,-0.001377965867127351,-0.012953214232940047
2023-02-23,0.003290377619813434,0.008011201326057593,0.012961597332744157,0.005319378368793259,0.009204537974834226
2023-02-24,-0.018005005821180586,0.009021083147747078,-0.021784272496994994,-0.01068265596899387,9.018799202964445e-05
2023-02-27,0.008247328610928362,0.008727780369048865,0.003771787164880136,0.0034061054989196204,-0.0018058247892910329
2023-02-28,-0.003447627517124796,0.008370798529330425,-0.002958186949098107,-0.003695971025802658,-0.005789185757910431
2023-03-01,-0.014246251894982298,-0.005580422012738007,-0.012629260603141068,-0.0038360506496863955,0.008916391098887866
2023-03-02,0.004129167833798464,-0.010382540992970646,0.01965321079422111,0.0077774519699598255,0.0045991963412646
2023-03-03,0.035090210093777996,0.01835977911443365,0.01664608426718206,0.016037754269473625,0.012657050458669383
2023-03-06,0.018539479093112154,-0.005847136126298946,0.006189075674470468,0.0006926941130529496,0.008864394900433448
2023-03-07,-0.014496652596438508,-0.02940786164272513,-0.010589069314849153,-0.015328756295355461,-0.01933043681382851
2023-03-08,0.008377242672365615,-0.005915224363124305,-0.001770734094077242,0.001632185091388072,-0.014604345280924913
2023-03-09,-0.014914460096666082,-0.054136697621593566,-0.005439284534352717,-0.01844978667740882,-0.007728777363841588
2023-03-10,-0.013878639967569328,0.025395239402495218,-0.014782866225012015,-0.014429364026524394,-0.012370516653374075
2023-03-13,0.013265874335409933,-0.017957230643542488,0.02144092792683594,-0.0014254397271207253,-0.011504728907141937
2023-03-14,0.014089060988412117,0.025675952870388485,0.027055789921326623,0.016530039127505836,0.0037542854245460333
2023-03-15,0.0026213767711249503,-0.04724392594040017,0.017830410213475867,-0.006254329401508052,-0.04974753734356718
2023-03-16,0.01869400235525842,0.019413669114392684,0.04053647060706611,0.017545173813752424,-0.005806005868290165
2023-03-17,-0.005453906294892952,-0.03778207184141846,0.011694411561578022,-0.0116926936496905,-0.01177868084197331
2023-03-20,0.015483711544499679,0.010571613004216829,-0.025766562789492298,0.009615700502183744,0.026141828280056068
2023-03-21,0.011944246010242132,0.026820751813306343,0.005693552081530662,0.013130509085200748,0.04480227615199506
2023-03-22,-0.009103566456035161,-0.025813816841712134,-0.005442347177818663,-0.01704634619961931,-0.0228885361012372
2023-03-23,0.006969551321696743,-0.002673359733321723,0.01972180545932445,0.0027032570429939007,-0.0112821076765931
2023-03-24,0.008305770431960235,-0.015216020996586144,0.01048033716019181,0.006561987609382536,0.0011605323887831087
2023-03-27,-0.012293376074181461,0.02866068229437313,-0.014933921833019115,0.001869762952874332,0.02192594990770136
2023-03-28,-0.0039802272958427976,0.0030352404170048697,-0.004161001787291063,-0.002244599160724836,0.012476271588753418
2023-03-29,0.019790587308671448,0.0020172213477047674,0.019184013431862823,0.01453497693514838,0.017176908971205718
2023-03-30,0.009890033955580968,-0.00301983616749657,0.01261973765993929,0.005855224050304031,0.004864297103915449
2023-03-31,0.015643931036536163,0.012116252537661465,0.014962238338449563,0.014094555542820686,0.0015526421683875746
2023-04-03,0.007701859875742789,-0.0011509791188618612,-0.0037113427085281314,0.003810529365423143,0.05900047958535026
2023-04-04,-0.0032495944184293135,-0.013368058311953868,-0.0001741312146680274,-0.005548052498062894,-0.009558169184656573
2023-04-05,-0.011290312924233326,0.0014911681034790458,-0.009889242614859906,-0.002618393613733172,0.017127503788915588
2023-04-06,0.0054958852058533125,-0.001097169994068281,0.025532573175559348,0.0039009444256634662,-0.01658261906384184
2023-04-10,-0.01597240381746312,0.0032948689496044015,-0.007578772751129503,0.0010264340878418654,-0.004432971410732067
2023-04-11,-0.007590993814597047,0.0049262323501479965,-0.022668242481450607,0.0002686555539270774,0.007071855293419027
2023-04-12,-0.004353284465878793,-0.00015560152128457627,0.00233360564439411,-0.0040761207145371126,-0.001040404450131427
2023-04-13,0.03410367714504314,0.0038130212715208334,0.02239936331471304,0.013282842315307297,0.004686437687942302
2023-04-14,-0.0021140151276223262,0.07551001344203057,-0.012765686379969665,-0.002442880881369902,0.0024184847126296205
2023-04-17,0.00012088796855214134,0.007928829554012973,0.009296099876355601,0.0035882572974776927,-0.011632942081671316
2023-04-18,0.007504838216310539,0.011227915204668149,-0.001488998126555896,0.0006522786389702162,0.019529260477634258
2023-04-19,0.006968019429479666,-0.0012730825652624844,0.00027755190123057716,-0.00016882039638266289,-0.003164254228359864
2023-04-20,-0.005846315414498093,-0.0029030842131592127,-0.00811262058027562,-0.0054573802782798,-0.007977855224810315
2023-04-21,-0.009780860381007228,-0.0019176250827728225,-0.0012229261084023557,0.0007771171977890567,0.0031996791345814124
2023-04-24,0.001878409464344477,0.0013520196476470847,-0.013962691379031056,0.001043173487775384,0.018877543387961326
2023-04-25,-0.009435353862319196,-0.021743698552146085,-0.022536203177956793,-0.015874006457569423,-0.014213165819308204
2023-04-26,-6.111737317149313e-05,-0.017723646897772838,0.0724346681254997,-0.0042353470020041195,-0.009182882275120652
2023-04-27,0.028395107283630372,0.013458717022310385,0.03202762286488858,0.019908049968703434,0.011953292724398157
2023-04-28,0.007541152860632172,0.008682948200403162,0.007971845506933528,0.00853507115750518,0.012924519275369528
2023-05-01,-0.0005304412460301888,0.021411924800497584,-0.005532986232554826,-0.001009724786520949,-0.03101228586857696
2023-05-02,-0.006191339214802527,-0.016147357261798057,-0.0004908517643007482,-0.011239247235504957,-0.03985343064463098
2023-05-03,-0.006467277409419103,-0.021163107365204326,-0.003307128077743471,-0.006864015639423737,-0.019709283471370798
2023-05-04,-0.009913544828581644,-0.013678673516326456,0.003318101464260703,-0.007082915242697219,-0.017511307883812832
2023-05-05,0.04692699087007379,0.019534959247781813,0.01715735714528277,0.018512550508219094,0.02489606715882675
2023-05-08,-0.00040330917049002935,0.0024132659550513136,-0.006438326091532165,0.00026661241679115655,0.0039566801178292366
2023-05-09,-0.009971149705576221,-0.004814971844176341,-0.005345820950828584,-0.004385446611590127,0.0002749957877381526
2023-05-10,0.010420749275379615,0.0005131051720079771,0.017296440203678598,0.00467224735082139,-0.0128277119547332
2023-05-11,0.001094746795502033,-0.0031508540274289842,-0.00704429638260351,-0.0017438485975007634,-0.0180990190853898
2023-05-12,-0.00541754280832607,-0.014332731004887744,-0.0036761824439017765,-0.00131020966278661,-9.472962332024437e-05
2023-05-15,-0.0028971985409015355,0.008426396984275275,0.0015859277601564248,0.003449986104051339,0.0019072375624225035
2023-05-16,0.0,-0.006729237693565593,0.007367707488394437,-0.0066825975040732954,-0.02426952344968414
2023-05-17,0.003603133746220566,0.030747540244218552,0.00945175852193536,0.012138973677967346,0.022434633112148328
2023-05-18,0.013665867899178785,0.007583998444187001,0.014394682071399156,0.009633186472892463,0.009063195917506484
2023-05-19,0.0006286312359189417,-0.0022940182539999965,-0.0005650760308135716,-0.0014551972182941242,0.00463267189100125
2023-05-22,-0.00548090243778121,-0.008262522500483094,0.008921381233647274,0.0004062793530772435,-0.012139987022805387
2023-05-23,-0.01515490382673268,-0.0104327842695352,-0.018432020876935296,-0.011222856294734629,0.013622931506186653
2023-05-24,0.0016322279614051638,-0.009151178015833539,-0.004472530074855263,-0.00724483790269681,0.011184146643547166
2023-05-25,0.006692142362558551,0.0024381086896818616,0.03845790175523489,0.008659833388311,-0.017938388551289042
2023-05-26,0.014104857163020013,0.009360874623360882,0.021385613123520608,0.01295080753542699,-0.0065303920015230554
2023-05-30,0.010659523744424693,0.0037974836078491503,-0.0050466875248851295,0.00038083948529288314,-0.008859581652783222
2023-05-31,-0.000282051801187011,-0.012731070982685777,-0.008514483035126919,-0.005545052409270168,-0.017877875187077397
2023-06-01,0.01602265291485705,0.013779387261747766,0.012759330526235013,0.009500758955677036,0.011548238140501654
2023-06-02,0.004775411656087192,0.02100614005170076,0.008479129241743877,0.01446119600498652,0.023219736180086548
2023-06-05,-0.007571407023368004,-0.009824412770724655,0.0016100965807008816,-0.0019161771790975335,-0.004444031534944104
2023-06-06,-0.0020600983505255632,0.001797327138089333,-0.0067276135395554215,0.0021774356483303947,0.00816812670733369
2023-06-07,-0.007756210062015101,0.00968881038607261,-0.030867704791962658,-0.0034575826542813104,0.022421051862134833
2023-06-08,0.015464959442669457,0.0002841671516011779,0.005813570711325156,0.006048399538004068,-0.0031327674670261763
2023-06-09,0.0021598549745558415,0.001989649827202955,0.004704095037210365,0.0017944546164527786,-0.007394451234352228
2023-06-12,0.01563866719268381,-7.102540994874396e-05,0.015483816934529937,0.00907172264323397,-0.009032587510554246
2023-06-13,-0.0026114771135853365,0.00723409841901046,0.007352908023130489,0.006593051833087227,0.0001881439959359188
2023-06-14,0.0034913395988880325,-0.003731709011827622,0.0091236504448855,0.0011907794914014502,-0.012025718106974503
2023-06-15,0.011198637897333885,0.011308191342957796,0.03189679683831925,0.012397711571149106,0.006941757695330564
2023-06-16,-0.005859847285954789,0.0011879391972435815,-0.01657595163472869,-0.003406241865312798,-0.007177211844633713
2023-06-20,0.00048663881100141637,-0.005095440140467589,-0.012502370943069385,-0.005188189603518523,-0.022923948196568622
2023-06-21,-0.005675248814833944,-0.0014734490870840222,-0.01328216570488383,-0.005123896271490569,0.011195475600188631
2023-06-22,0.016525328393327543,-0.019252327114492873,0.018437603878744158,0.003609878308897807,-0.005487652781242192
2023-06-23,-0.001711347200847313,-0.005230130665477395,-0.013805908861089344,-0.007560187154587061,-0.008712478968104675
2023-06-26,-0.0075529313143005705,0.0024487827745764967,-0.019163026644081427,-0.0040855999485963634,0.018457003926992233
2023-06-27,0.01505897365873854,7.17193475205935e-05,0.018167878421418315,0.010963331188829972,0.0024931571412789566
2023-06-28,0.006327880834989585,-0.004382313000224181,0.0038257788285787075,0.0005043184348598739,0.008130022930275427
2023-06-29,0.0017965505803714255,0.0349232834818316,-0.002382021971331083,0.003941431820426278,0.012333863884913088
2023-06-30,0.02310230861495599,0.014013935565239777,0.016385545127933776,0.011800663052594862,0.00515461228402625
2023-07-03,-0.007784533642707703,0.008044387133069542,-0.007488035601465826,0.0011505509700779903,0.0019581790641161056
2023-07-05,-0.005871443422569178,-0.0066616377679579175,0.0004734064633955537,-0.0014871911047332764,-0.005118234730550064
2023-07-06,0.0025087245745187836,-0.009886476881462491,0.009226735242017226,-0.007830701245834848,-0.037321196892355024
2023-07-07,-0.0058912604580521055,0.007890485437421324,-0.011867648942072484,-0.0025245725420074416,0.0023321301053091936
2023-07-10,-0.010855805867683865,0.005611788105140736,-0.015983563671913892,0.0025309621395297466,0.014831255713746883
2023-07-11,-0.0028098780190376482,0.015638802914035077,0.0019287787275958923,0.006368706741183505,0.012226580242415963
2023-07-12,0.00898548743085592,0.004951891648366402,0.014226753087727806,0.008045716574064832,0.004907024402845961
2023-07-13,0.004057375461940849,0.004859911844478537,0.016192140272471622,0.007937012804855481,-0.018311466799130982
2023-07-14,0.0007872776580102325,0.006045754412400184,0.007529404358588732,-0.0006229019754138143,-0.0344367003386018
2023-07-17,0.017305590921597558,0.02410367332557728,0.001419378489192491,0.003472225152429287,0.004358951906394903
2023-07-18,-0.0013402127144017673,0.0018253737101963097,0.03979978342780943,0.007430685410980464,-0.004537198513894669
2023-07-19,0.007071695893196228,0.0038398807125776813,-0.012267428253715296,0.0022237058057950065,0.006936141898201464
2023-07-20,-0.010097545447004141,0.012317367890580355,-0.023121541548473235,-0.006634520873051941,0.017614596421523743
2023-07-21,-0.006161442828897523,-0.0076849095631670306,-0.00893690979873396,0.0,0.00464175053688054
2023-07-24,0.004219967445573847,0.019683816097977314,0.0038978559706581706,0.004467321175964711,0.015689696883103066
2023-07-25,0.004513534542984532,-0.007468400255724927,0.017009059623704914,0.0027299378195515533,0.0015161510974970316
2023-07-26,0.004545117458953696,0.005994119597839687,-0.03763741063141057,0.00015380172259327196,-0.005582807373034293
2023-07-27,-0.0065809508020509,-0.011029255210273647,-0.02087224430061041,-0.00662993657434896,0.00314029332036192
2023-07-28,0.013507985955570456,0.005704417210391499,0.02313131570191529,0.009790244556760364,-0.011952225021460983
2023-07-31,0.0031658873954163447,0.0066918287175616875,-0.007240521568131375,0.0019040893804560532,0.029569635192907118
2023-08-01,-0.004275885295472293,-0.0049381780094471805,0.00125033801070229,-0.0028615418465900433,-0.005781181922137391
2023-08-02,-0.015489948279038379,-0.011324637580316765,-0.026283068390770548,-0.01391084085287353,-0.012474419008629445
2023-08-03,-0.007321614582810221,0.0061135275423562785,-0.0025647781132842606,-0.0028660165514543534,0.017380709231879177
2023-08-04,-0.04802009371357585,-0.0021107707322925995,0.003428688340150421,-0.00452273906690881,0.002800568207496301
2023-08-07,-0.01725369248301567,0.004742795245556319,0.007108311089250696,0.008728692093489476,-0.0020481976143644776
2023-08-08,0.005311588323831717,-0.005613311875744431,-0.012299170691019712,-0.004348697788146616,0.004944188955300355
2023-08-09,-0.008954204320430259,-0.013408069783630183,-0.0117156839031195,-0.00668524218178701,0.016986813138635926
2023-08-10,-0.0012348465159849331,-0.0014956355928984477,0.00217236690479905,0.00035880412611977164,0.005111430084205892
2023-08-11,0.0003375009454720246,0.005795907834825975,-0.005945614720613834,-0.0005830778603445053,0.015528582764844812
2023-08-14,0.009393388117161061,0.002071914480077819,0.009439235329201656,0.005520174005901213,0.0008047091549581165
2023-08-15,-0.011200386287316899,-0.02545709145058206,-0.006728118871257571,-0.011648934932562027,-0.02567324377422686
2023-08-16,-0.004959217420304807,-0.004243175105501096,-0.0024283215139135894,-0.007338206922981816,-0.01682695728629069
2023-08-17,-0.014555026035436014,-0.010386981197899159,-0.01098623070734972,-0.00761984144129535,0.01937181700031676
2023-08-18,0.0028161419494678874,0.0022875498030368036,-0.0012621961742242949,0.00048129541609931437,0.01512912250163434
2023-08-21,0.007736633881507915,0.0034236566823175885,0.017062657236753376,0.006506233381997184,-0.012086665167521882
2023-08-22,0.007905096313017168,-0.020738678366811203,0.001801841676438487,-0.0027083591931534867,-0.005611005191464846
2023-08-23,0.021948793849047243,0.00676316678051303,0.014079248988389415,0.011137673736129283,-0.008788400790573747
2023-08-24,-0.026170528858647235,-0.0009499080151668116,-0.02149844439992532,-0.013859116984879849,-0.007466100759374816
2023-08-25,0.012643123125354094,-0.0012225974989268362,0.009407230538588829,0.0070499071491871845,0.017865639460765692
2023-08-28,0.008846332093362275,0.00346813780123445,0.002229197439803432,0.006341166248630792,0.0084065226244745
2023-08-29,0.021810079872934596,0.008132386136642022,0.014550479495265112,0.014454796007975723,0.0059544154129536064
2023-08-30,0.019172215423088224,-0.0040333374274645895,0.0011571680913338156,0.004118908529335608,0.00974397849995623
2023-08-31,0.001172495410148633,-0.012351628334467568,-0.003132767348149712,-0.0014634533182911191,0.0027959398477974684
2023-09-01,0.008463350880290932,0.0033488063660478407,0.002746001504255302,0.0018651472901587418,0.02095513298739138
2023-09-05,0.001266747375731958,-0.011034103632842407,0.014878603981995031,-0.00432187306702847,8.813452807210354e-05
2023-09-06,-0.03579336598881666,-0.0016528460130873501,-0.0020088759471307283,-0.006722399949248947,0.008632148878225943
2023-09-07,-0.029249433111556478,-0.00855395452487806,-0.00892203438232353,-0.003070201401246697,-0.004890598027104454
2023-09-08,0.0034918060691375707,0.0007652707531988767,0.01321567170251492,0.0015059492203268743,0.01456792960280251
2023-09-11,0.0066225762842444524,0.004380188393792617,0.010979096798016341,0.006576697106064566,-0.012542182516168787
2023-09-12,-0.01706060125709874,0.013013840115678521,-0.018257758463495977,-0.005485706732924589,0.029169533666454805
2023-09-13,-0.011854793742066994,0.0004785741594792725,0.012930813826696141,0.0011660882273971662,-0.008936942001833148
2023-09-14,0.008782384354909967,0.01939747563165728,0.007855805869190657,0.008622398905182127,0.01786342912893102
2023-09-15,-0.004153901870882493,-0.002948099168593843,-0.02503684400925643,-0.012048366894015228,-0.015356159873064823
2023-09-18,0.016913324278778008,0.0020832708606508543,-0.0035130455752053757,0.0005864163033106884,0.008054879962805073
2023-09-19,0.006180909731976492,-0.0012743504197053612,-0.0012459155617122741,-0.002073893693892659,-0.0026352038862608174
2023-09-20,-0.01999229953597026,-0.004229865781135489,-0.023976975379792043,-0.009193181625840596,-0.007926285706911451
2023-09-21,-0.008889320919383215,-0.007822088625025647,-0.0038656679654696102,-0.016528309281243825,-0.014089392027275216
2023-09-22,0.004944624171516976,-0.00958296311139284,-0.007886336292031837,-0.002248708257198917,0.0015684780594580339
2023-09-25,0.00738035433939932,0.004940727856554528,0.0016718366565151577,0.004205157066873744,0.011223216802495939
2023-09-26,-0.023398721362260844,-0.010378898721196683,-0.017005894756434103,-0.0146911628887465,0.0015487130272473504
2023-09-27,-0.008897388579565568,0.0058649309197058574,0.002082489380520025,0.00039906448284710017,0.03255726382590507
2023-09-28,0.0015256913254819704,0.012416036338597669,0.0027175118308129242,0.005797576328880005,-0.006073135407612007
2023-09-29,0.003046462697692265,-0.01741324355111784,0.006727464303736497,-0.0024270255722664835,-0.015819777673477642
2023-10-02,0.01483533517114033,-0.008619230223106844,0.019160588256156297,-0.0003976445068419876,-0.01658454221970651
2023-10-03,-0.0077694974678543804,-0.007373072787846824,-0.026133927388164557,-0.013386108441205136,0.0017296569610156798
2023-10-04,0.007308522020078589,0.004484606274287151,0.017773133853700385,0.007282019969861997,-0.03738240000831994
2023-10-05,0.007197926609906036,0.004216344379164072,0.001254062610872797,-0.0003769307972405489,-0.022511282800850574
2023-10-06,0.014750406548307726,0.015395807738562528,0.024736983030531734,0.01187282792754596,-0.016698739577583166
2023-10-09,0.008451283219192307,-0.002274416675621671,0.007822482551305354,0.00640238624067857,0.034991100676398545
2023-10-10,-0.003352113977054927,0.006078529198659144,-0.0043355658149171195,0.005204865847466822,-0.004237233169625099
2023-10-11,0.007903919521208724,0.003432916025549959,0.01227201327191585,0.004096309054258729,-0.03585334044980237
2023-10-12,0.005061293872417494,-0.0023266302282500817,-0.003790453170961494,-0.006096449986502606,-0.00018790555923153818
2023-10-13,-0.01029273156529742,0.015019722499690191,-0.01035761714313943,-0.004981071593974096,0.03193399881059822
2023-10-16,-0.0007270182532123082,-0.0010134894664356464,0.01498185711397615,0.0105216037638447,0.0007281188964936014
2023-10-17,-0.008784602801597097,-0.0021642389929953376,-0.0017436506279985275,-4.599498820700987e-05,0.013096756419397115
2023-10-18,-0.007394989208135749,-0.010980926600094532,-0.005872500353629628,-0.013325079368472048,0.014004986503366679
2023-10-19,-0.002160920235144914,-0.004249358710258,0.0036655506368494795,-0.008786268138048392,0.000619684733262682
2023-10-20,-0.014704433170005582,-0.016105428314723946,-0.014034635090192982,-0.0122882233792323,-0.01716508045583276
2023-10-23,0.0006942067211224145,-0.013641370805589248,0.008112183367795955,-0.0017331115807659447,-0.014674111591177486
2023-10-24,0.0025434801850683364,0.0012058051836942862,0.003674059526432849,0.007539338086192338,-0.009684768845237723
2023-10-25,-0.013491671918545722,-0.0054545608065319495,0.03067799730166798,-0.014352101927794014,0.0018451908921290894
2023-10-26,-0.024605540120775427,0.0025639501812593224,-0.03751400568472607,-0.011974683876459058,-0.009116749287199077
2023-10-27,0.007969145577824133,-0.03601852748259271,0.005855540440967477,-0.004532767550164851,-0.01905214309204517
2023-10-30,0.012305350147445493,0.012749537473134342,0.02274019398868976,0.011955894340777595,0.0031263096959825987
2023-10-31,0.0028188789942702464,0.011934379957884156,0.0023716806683864444,0.006280317671239155,-0.0002830871878515273
2023-11-01,0.018738465071487687,-0.0008627310162688806,0.023542654426305543,0.010664691969085593,-0.00198398915065201
2023-11-02,0.02069340639702877,0.01784942082883023,0.006501607762128492,0.01916440740400005,0.03284746009939199
2023-11-03,-0.005181156431400491,0.011172080982609245,0.012861618889891568,0.00912325171662598,-0.01218960829165383
2023-11-06,0.014605203941990608,0.007552449127866012,0.010572613270819708,0.002300373100815989,-0.017721351573415922
2023-11-07,0.014450655757010766,-0.0004859862233470569,0.011219309440824832,0.002846176125593125,-0.015679516018257122
2023-11-08,0.005884990952999214,0.004930455191300753,0.007405873552448261,0.0007324752504072052,-0.012282968735713662
2023-11-09,-0.0026246752422730557,-0.00297136234893447,-0.006910785933928576,-0.007798733950533543,0.0002915255939883732
2023-11-10,0.023220287224170244,0.014831204539986986,0.024896672431881317,0.015604675364636833,0.007672761651450255
2023-11-13,-0.008583693829598671,-0.004438876292834237,-0.008088291474014131,-0.0009531612598220329,0.010506069902265436
2023-11-14,0.01428575245889574,0.018246704478567688,0.009790489795953095,0.019400771539097805,0.0038502115848975116
2023-11-15,0.0030408566956765526,0.008757864846288488,0.00040593512094888595,0.002116978275222614,-0.006040707550570512
2023-11-16,0.009042137518136206,0.011419650926019154,0.017583328210817983,0.0012231699046711952,-0.011576341719277017
2023-11-17,-0.0001055013804656113,0.009045824085093024,-0.016800936951366086,0.0012437734405070788,0.024399731586933093
2023-11-20,0.009278348921986757,0.003075693902052201,0.020521720183068526,0.007697471779568588,-0.004382530030084597
2023-11-21,-0.00423086924091165,-0.0020876438427274158,-0.011577901793369816,-0.002179299750506458,-0.0003829084638556912
2023-11-22,0.0035144242195042086,0.0023534731313923363,0.012812645176042636,0.0038609848195954033,-0.004307803016493694
2023-11-24,-0.007004232594340021,0.0013696884520808528,-0.0011115113103197238,0.0006152708821394182,0.005384060855811779
2023-11-27,-0.0009476442397632345,-0.0022795867096391254,0.0031262062345314146,-0.0018010432566402113,-0.005833325207820872
2023-11-28,0.00321403746249338,0.0022847950981792486,0.010802876569054876,0.0009901615640521833,-0.0005772265123270559
2023-11-29,-0.005409538845829953,0.005080155866701963,-0.010060147875356362,-0.0007033553364585998,-0.015014562663333786
2023-11-30,0.0030626700821283492,0.01140462078104143,0.00015830967223751102,0.003937351428214386,0.003908687614089468
2023-12-01,0.006791327060370778,0.004869409462194607,-0.011612208266176371,0.005915838852097233,0.0024333073445974573
2023-12-04,-0.009464670081276827,0.007332241331624578,-0.01433879492617951,-0.005249299192772172,-0.0054373035906584155
2023-12-05,0.021063284349980504,-0.0001266280678758891,0.009156397885854428,-0.00019710156597507744,-0.01942801306137143
2023-12-06,-0.005686888896796249,-0.010508197707558176,-0.009986150855261111,-0.004029759860348148,-0.01324183181851002
2023-12-07,0.010139122673258116,0.0030706033704193114,0.005829875544867358,0.007630342804636259,-0.006961816109358976
2023-12-08,0.007412478783361154,0.011034079044331513,0.008842084297638886,0.004299193823001701,0.011481300331340094
2023-12-11,-0.012927426807962772,0.0036588181307155576,-0.007829464418512178,0.0038895933725100473,0.00070330520972961
2023-12-12,0.007920331930054703,0.00892523490803998,0.008295237794252897,0.004567061763112834,-0.015759989821473863
2023-12-13,0.0166913251646974,0.0033638662244530604,-2.6617058881295286e-05,0.013790246681893992,0.008873051223438067
2023-12-14,0.0007576219386236094,0.018192208476962568,-0.0225445855895553,0.0032093493512610483,0.026890526307144835
2023-12-15,-0.0027254988056176765,0.007561433145049756,0.013117278255746267,-0.0016465001965407788,-0.006694359623362289
2023-12-18,-0.008503457815093207,0.0060522203611854675,0.005178792998836501,0.005625132164749136,0.007433207036620315
2023-12-19,0.005360103865108989,0.013354806607295489,0.0016370930019939944,0.006080800823476729,0.013182392074858162
2023-12-20,-0.01071390596557853,-0.01127923513027429,-0.007072772073054456,-0.01385731637631038,-0.01670059430992732
2023-12-21,-0.0007700309834108854,0.005704050516118997,0.007878755136083493,0.009481957801892538,0.004542380833922888
2023-12-22,-0.005547354163178975,-0.0005970006870124056,0.002784038864185323,0.002009740101651891,0.0017692317784079314
2023-12-26,-0.002840959814311761,0.005913818121634495,0.0002135686450399632,0.004222542089372228,0.002257008769935398
2023-12-27,0.0005179007903841626,0.005997857832756859,-0.0015747013722398062,0.0018080697026494619,-0.004699364977439391
2023-12-28,0.002226244082157436,0.00531312401346451,0.003234619230785274,0.0003777945759595447,-0.014460088184912845
2023-12-29,-0.005424066811314798,-0.0011743701286245356,0.0020253244973684748,-0.002895111970071973,-0.0020959411865598687
2024-01-02,-0.03578662789486087,0.01163999068187116,-0.013748728578597769,-0.005596253656281247,0.0238046378851966
2024-01-03,-0.007487657244251822,-0.004358334880186554,-0.000727889579753449,-0.008166726287654136,0.008401772272248254
2024-01-04,-0.012699986725131951,0.0066361620391224285,-0.007177732669434889,-0.0032210928571738684,-0.008719266833095984
2024-01-05,-0.0040131592397461,0.005017276541598337,-0.0005163475464463607,0.001369705819588951,0.00302969295152411
2024-01-08,0.024174955418706512,-0.001451296399758939,0.018871616450687467,0.014275890922159862,-0.016661684393784792
2024-01-09,-0.002263332442670074,-0.007906110195086913,0.0029357273394143846,-0.0015169957036514914,-0.01238619450185141
2024-01-10,0.005671250193060473,0.002109537806908035,0.018574092327396263,0.0056554239754880165,-0.00983233898784941
2024-01-11,-0.003222474657645691,-0.004210006830706603,0.004859449991168052,-0.0004407908468159194,-0.00020259938709488168
2024-01-12,0.001778128331392237,-0.007340047899591529,0.00998359983599828,0.0006928451315040274,0.012972348821156832
2024-01-16,-0.012317070377046102,-0.006270225694411602,0.004633517923946062,-0.003671214241216858,-0.022611182769158855
2024-01-17,-0.005173416862757407,-0.005357665125345301,-0.002049905180649958,-0.00555860665949981,-0.007267853437972427
2024-01-18,0.032570551549710114,0.001975154728438122,0.011297358606666918,0.008892732091390743,-0.0018559728167893974
2024-01-19,0.015533033353019254,0.017261898614733706,0.012186935652270359,0.012466230847639759,0.001549419971597743
2024-01-22,0.012163148659506406,-0.0011743425378488714,-0.005417993781843711,0.002114283496895464,-0.0013408729577167877
2024-01-23,0.006653401832934724,-0.006583880743097015,0.006027568557338769,0.002916443353095266,0.011257924443846212
2024-01-24,-0.003483909540267005,0.008935337317036218,0.00917516154530329,0.0010931051786164936,0.01726069036496214
2024-01-25,-0.0016967518935532278,0.014310863469575663,0.005738257362523758,0.005438949821616301,0.0254016590204178
2024-01-26,-0.009012694894639406,-0.0038163126677031034,-0.0023217865327332943,-0.0012704111025140241,0.008518500120614503
2024-01-29,-0.003585929337447502,0.0026119404372018096,0.014334262410878207,0.007919353018658315,0.0012621130905481337
2024-01-30,-0.01924588505138769,0.020494453103103716,-0.0027580728676154243,-0.000773419443293788,0.01667824677297647
2024-01-31,-0.01935758497671325,-0.010835668965667566,-0.02694624745402352,-0.016317172514558442,-0.019456502214356797
2024-02-01,0.013340641821989463,-0.003613259900839827,0.015594335065238996,0.013088054450504094,-0.004085137605802203
2024-02-02,-0.005404992489051574,0.005756032112289811,0.018425847620512137,0.010527423021632343,-0.00410189440890707
2024-02-05,0.00984652271287989,-0.0013162446914090076,-0.013544918664433636,-0.0036412905411127294,-0.004118951836627138
2024-02-06,0.00863179535686509,0.0034385264317913222,-0.0003946510510253187,0.0029033061044934083,0.006893068059353524
2024-02-07,0.0005812290410072141,0.0018843432017083828,0.021110262429047566,0.008340393268319701,-0.00029315622892134297
2024-02-08,-0.00575481706034886,-0.0035908571078145934,0.00014500113099380485,0.00044168560219515207,0.017119716125985063
2024-02-09,0.004093954875457717,0.0012012354151236249,0.015551328093509342,0.005779398925899182,-0.0211599089123774
2024-02-12,-0.009001952411559655,0.004456783488651306,-0.0125786028889191,-0.00043889114886375147,0.013756497307078952
2024-02-13,-0.011274321932384201,-0.008703443783925735,-0.021528904468756993,-0.013773024753250818,-0.008608995409901676
2024-02-14,-0.0048098710424174795,0.01015734733593221,0.00966557792570888,0.009087607114390162,-0.0049338828735091544
2024-02-15,-0.001574577511243569,0.021814381947671713,-0.007155326427716879,0.00689973723223436,0.028659402374112908
2024-02-16,-0.008430409660255433,-0.00467012809097489,-0.006149029363368141,-0.004979919789092513,0.0
2024-02-20,-0.004113882451202366,0.003909959249684958,-0.003143076466496808,-0.005505547576334258,-0.009447603525445714
2024-02-21,0.00418605207854883,0.006509834674569781,-0.001514642855384496,0.0009060168914423183,0.0204379087104134
2024-02-22,0.011243746230409135,0.01199570965478114,0.023546900996693543,0.020695473404413356,-0.0008583011199509993
2024-02-23,-0.010034124734376149,0.005025386654475161,-0.003182451840566536,0.00068967762915495,-0.00878199608481689
2024-02-26,-0.007451084368276573,-0.003424403057007974,-0.006823577047112783,-0.0036626144181096665,0.003948368042414163
2024-02-27,0.008114271538677942,0.0004910310867032308,-0.00014704542852184144,0.001857808431802832,-0.0021103984096890738
2024-02-28,-0.006625497532569247,0.005069606846068053,0.0005888765597927836,-0.0013217086642837161,0.0027877613565747694
2024-02-29,-0.0036929130152523193,0.009111442075989684,0.014519834311784718,0.0035950212662532177,0.0019170347301440405
2024-03-01,-0.006030527809740671,-0.004138406940911277,0.004496502915554146,0.009388213902118192,0.012629210601257101
2024-03-04,-0.025381330738786234,0.0075017228258351665,-0.0013958235515562079,-0.001072394746922778,-0.013983290357966638
2024-03-05,-0.02844079317041437,0.010017208890651386,-0.029572002568075684,-0.00999415698145234,0.012265138348767746
2024-03-06,-0.005878278878066467,0.005197475012400643,-0.0013907331399963807,0.005067216135458574,0.010696697219217954
2024-03-07,-0.000709535321800181,-0.008758532074382819,0.017533369711878688,0.009926535382817292,0.005619675495164067
2024-03-08,0.010236655692035912,0.0018629478153906476,-0.007136909285684223,-0.006002256617515078,0.009406599398427362
2024-03-11,0.011831544116346127,0.0003720328276868301,-0.004184961188192116,-0.0008599205218472461,0.005905253882948491
2024-03-12,0.002778681820323037,0.00823192747190582,0.026599366446481643,0.010757429798630591,-0.006421001156352801
2024-03-13,-0.012122624278273264,0.00811226305465751,-0.0004333620749089606,-0.0015675670296613209,0.011170724942318744
2024-03-14,0.01092734117395322,-0.017818016554048577,0.02437964584462371,-0.001976604307567964,0.017711972914858487
2024-03-15,-0.002196677563047311,0.012395612010241086,-0.020695142067914007,-0.006866598976808969,-0.0017942183154978641
2024-03-18,0.006372407744099418,0.012401493906555539,0.0021612503329866417,0.005942966529004057,0.009256858939193258
2024-03-19,0.0135851701362244,0.00586511750385621,0.009800694608155247,0.005557194510341201,0.007034675093600562
2024-03-20,0.014709172357413314,0.013106947783527279,0.00906476541470047,0.009249336194085744,-0.0008842944697678989
2024-03-21,-0.040857301178846006,0.013905200694118491,0.009735922156344001,0.0033047083039212666,0.00442524031232705
2024-03-22,0.005310012112194729,-0.012257541554338225,-0.0014672822824653986,-0.0018958504640314011,0.0
2024-03-25,-0.008300460458798509,-0.009154655667780953,-0.01371466169491753,-0.0027626913890850258,0.010221256226809361
2024-03-26,-0.006672331658191699,0.004670854365093069,-0.002861400260793401,-0.001847097139976439,-0.007501124534685544
2024-03-27,0.02121250895527771,0.01936343742319213,-0.0005217608827194908,0.00840384084339929,0.010369992258054017
2024-03-28,-0.010559037915393255,0.003909370831369108,-0.0016848439627883405,-0.00019126510604461355,0.01104631010508017
2024-04-01,-0.008455841809861475,-0.00678970078719765,0.009151000044116397,-0.0017397039527077274,0.006452128022260029
2024-04-02,-0.00699873327940137,-0.0004022002073447162,-0.007372134916644679,-0.006358082097403739,0.019574333351352502
2024-04-03,0.0047971686901175925,-0.002816131739030836,-0.0023490940511086134,0.0010985442977609061,0.0001676670802455149
2024-04-04,-0.004892182482803542,-0.007608422216531463,-0.006112445112173792,-0.012206081350283449,0.0035206249635979514
2024-04-05,0.00450176986965567,0.009200137483043491,0.018282678948351005,0.010446759975726305,0.013782209599078055
2024-04-08,-0.0066635003225418155,0.005216630632967512,-0.0021855197754840905,0.0005593844443609886,-0.006756243277270979
2024-04-09,0.007242605746106134,-0.006701238597645931,0.00398032584507213,0.0011566522904222776,0.005225973765480951
2024-04-10,-0.011139272746727769,-0.008521179145380975,-0.007084587344448612,-0.010013019501683429,0.00841715150167821
2024-04-11,0.04327082679231786,-0.00020478593274542156,0.011033385447612343,0.007546806367121572,-0.0033550767867507325
2024-04-12,0.008626635142120698,-0.06467788433894994,-0.014090937165855077,-0.013802985960932435,-0.011659359756899468
2024-04-15,-0.021863430205781076,0.0005472618274731111,-0.019578086837861997,-0.012528101211725318,-0.005732371512752188
2024-04-16,-0.01916739104437115,-0.011427730502484024,0.002272410094849464,-0.0018237488915288091,-0.008272021419303388
2024-04-17,-0.00814731313184991,-0.003982245572397236,-0.0066090924405950435,-0.00591824014164688,-0.0005055015942503349
2024-04-18,-0.005714307731204293,0.006497154368357405,-0.018380998935308313,-0.002057726635803392,-0.0009272562520042937
2024-04-19,-0.012212575672944204,0.025103326450464758,-0.01273892136241761,-0.00872837259914061,0.011474817389388159
2024-04-22,0.0050908584143942726,0.019429543490706358,0.004610011146165327,0.00920908126486597,0.005672217091398313
2024-04-23,0.0063916771586896015,0.014413159249183405,0.01648557118395977,0.011866609691026042,0.0038985818266517036
2024-04-24,0.012702350855555933,0.004892188858138802,0.0036557939879575674,-0.000474483718438945,0.000165174878733243
2024-04-25,0.005147310651002934,0.00150194275718607,-0.024495106712874692,-0.0037990942614892775,0.0023130841612934994
2024-04-26,-0.003472993943216096,0.0006206182724342035,0.018243632863962134,0.009474010854581882,-0.02777533704358026
2024-04-29,0.024808153038427205,-0.0010853260934389208,-0.01001660562684814,0.0035414297461646704,0.014241985145222014
2024-04-30,-0.018271072007768674,-0.007967540880441493,-0.03211927087694444,-0.01584121643362113,-0.011450945028022241
2024-05-01,-0.0060470205591098836,0.0006257280480315153,0.014409240480185881,-0.0032471511531020347,-0.018939772731060622
2024-05-02,0.022031836336230626,-0.0010423661919952698,0.007342753823368575,0.009353344163067545,0.0018099222729379694
2024-05-03,0.05981636007014823,-0.006000295638337927,0.022169810439031545,0.012395360085349694,-0.0020646244407867
2024-05-06,-0.009106753526999078,0.007820970758477097,0.016918396360621202,0.010326795283682744,0.006465476803690251
2024-05-07,0.003797194367837209,-0.001301904261914788,-0.010156274878643679,0.001103613895259592,-0.004967853904278563
2024-05-08,0.0018642078016712915,0.020338921429812862,0.002931609874547325,9.641518081493494e-05,-0.00017222640022851454
2024-05-09,0.010014070030682776,0.009455742052524307,0.004335803391249504,0.005761928959076901,0.01971596558470856
2024-05-10,-0.006890280485192912,0.006430348355934257,0.005869089793586912,0.001288284191995226,-0.004052687292548707
2024-05-13,0.017645592852065572,-0.0002012259166489505,-0.0024593640484129597,0.00013420241601558303,-0.00042375380280046393
2024-05-14,0.006173407155114274,0.013988856904463276,0.006864670293082353,0.0045882546035123095,0.006070203127926721
2024-05-15,0.012218013238877168,0.0029774255600167887,0.017483766689014413,0.012382847119358775,0.007733551032526043
2024-05-16,0.000632447698335703,0.0017813410899634174,-0.0049397808626094886,-0.0020574269229312048,-0.0059874813017885
2024-05-17,0.00015801199026443946,0.011458292554043625,-0.001852990230749807,0.0014376336953807467,0.015016394081694084
2024-05-20,0.006162061454278334,-0.044972913754428245,0.012208378306920453,0.001152163793598282,-0.008107539039565181
2024-05-21,0.006857214766371245,0.0201453024269318,0.008698907444450787,0.002452179839260049,-0.006909967550957186
2024-05-22,-0.007538333993860724,-0.006064501883121132,0.0034495123578028863,-0.002878940143389297,-0.02011024340031098
2024-05-23,-0.021058053701177193,-0.00700932216653094,-0.008176183994853092,-0.007304507774093416,-0.017059247451296722
2024-05-24,0.016588033111333278,0.019246510144463214,0.007400501836978268,0.006616510894206007,-0.0007928190660712042
2024-05-28,5.273987285070447e-05,-0.006028703907166921,0.0003719590210884416,0.0006988454407301781,0.012696247498925173
2024-05-29,0.001579115398882447,-0.006967353221935091,-0.0026723940330717344,-0.007002572877040092,-0.010708834689315716
2024-05-30,0.0052551225170753835,0.006158198644748092,-0.03378610219107303,-0.006633586180588291,0.0031682140401467773
2024-05-31,0.00501853811321995,0.0165553371684819,0.0011092263073781972,0.009108196371830912,0.02868674774745017
2024-06-03,0.009258837477232884,-0.003997339401057287,-0.003878325789350323,0.0008152794053926105,-0.023963915967152527
2024-06-04,0.0016491963905673757,-0.013179966243109908,0.006166666417342315,0.0011178601524610698,-0.015552601701929403
2024-06-05,0.007820844239062597,-0.009540192544446935,0.019083245086848333,0.01188528513242515,0.003994010755447697
2024-06-06,-0.007096723751885414,-0.0017743058724198901,0.0012028206212868486,-1.8943143324623435e-05,0.00751417460322501
2024-06-07,0.012392311478808926,0.015438518043235927,-0.001578203437497705,-0.0012156583247044939,-0.010704678181980398
2024-06-10,-0.01914783496575234,-0.0017004457998622824,0.009484407527190708,0.0030895588038843957,0.002926814957661117
2024-06-11,0.07264908186963592,-0.026301256352449065,0.011241770646828408,0.0024084536665336387,-0.008047317173087931
2024-06-12,0.028578461470792682,-0.01456068505301944,0.019367613797205196,0.00821296420171791,-0.011054768251738123
2024-06-13,0.005491108497031272,0.011121221715584051,0.0011790444949919543,0.0020137640896791265,-0.008022909715073245
2024-06-14,-0.008168405226693154,0.0006195244044782111,0.002241980182346559,0.0006084358553704039,-0.008451618329468058
2024-06-17,0.019671450766506338,0.006192640355563217,0.013105128616748729,0.00795864829453019,-0.00687385192194645
2024-06-18,-0.010984364887623665,0.010359964967477264,-0.004527465492657035,0.002540819788636739,0.00941315218835359
2024-06-20,-0.021512878380119616,0.008477169877235902,-0.001433832189037143,-0.002716531138375,0.02157611649120139
2024-06-21,-0.01044446773739871,-0.01192941803058567,0.00915407413863889,-0.0013407061120768171,-0.008770348162144392
2024-06-24,0.0031325648853206545,0.013143237114136008,-0.004690967273119351,-0.0032506271036742973,0.029703971683154196
2024-06-25,0.004468216697492089,-0.00407287119812938,0.007326600044964771,0.0038509636422781046,0.0028057318736984804
2024-06-26,0.019993165459628814,-0.0032310737219022334,0.002683269038034286,0.001248037323762441,0.00034983316854386715
2024-06-27,0.003985990284888441,0.008813181212488086,0.0015260564789336684,0.0015765234185698418,0.0042827648817409525
2024-06-28,-0.01625411300435431,0.015514422648926551,-0.013028656309383657,-0.003935104761613628,0.0019146044713056476
2024-07-01,0.029104509732036155,0.015771826313809356,0.02188165060596403,0.0020578883736119824,-0.0013897916062758364
2024-07-02,0.016240081789774763,0.016451625473431708,0.0055831191150061965,0.006729854689488501,-0.006784929107593207
2024-07-03,0.005810863631161345,-0.0006703247062023188,0.003244209006446175,0.004462518162005047,0.005079773174056834
2024-07-05,0.0216205777014693,-0.013250596108273283,0.014736230753207957,0.005766696994308873,-0.012112246841560537
2024-07-08,0.006538814794938785,0.0018555455436839452,-0.0028231840186496715,0.0011537153837630765,-0.010496660600955332
2024-07-09,0.003774779527541572,0.01199006540744052,-0.014370228148003483,0.000972592116235127,-0.011053637897547985
2024-07-10,0.018803661096088886,0.0008189887688074826,0.0146015497942531,0.009895193071413955,0.008833517709188277
2024-07-11,-0.023220885948425973,-0.0016845495008850353,-0.024772149783468755,-0.008622613418480696,0.011883472264291095
2024-07-12,0.013050772202926497,-0.0120991690538641,-0.0025292423666802843,0.006307432752130193,0.00017668242348722885
2024-07-15,0.0167434713052943,0.024934017905607897,0.0009042079049417229,0.0027502321165635557,0.017127183766098897
2024-07-16,0.001791826398293006,0.01699594371906432,-0.00978072922919393,0.005930192553132541,0.007204185436847643
2024-07-17,-0.025295928079181462,0.015214038415584108,-0.013347557149679834,-0.01402117447015827,0.013788360679908074
2024-07-18,-0.020534849530911115,-0.031770250543184275,-0.007102326417602556,-0.007685037015851326,0.009860736761529543
2024-07-19,0.000579924625589312,-0.0009524447035555994,-0.0074028222425737145,-0.0066403801371806015,-0.0229799011416435
2024-07-22,-0.0015602300322083984,0.0023834949782419734,0.013337678038259693,0.01030981082560789,-0.006892503381289661
2024-07-23,0.004688141905854426,0.0002377902712389357,0.004312099288893201,-0.001568409167491458,-0.016135886926376464
2024-07-24,-0.02875424951399197,-0.00827281809305025,-0.035854827157689506,-0.022662590807124183,0.014108114293907903
2024-07-25,-0.004804624361154031,0.0003835925295754272,-0.02448129545373745,-0.00521027699214216,0.021041568142528666
2024-07-26,0.0021612035653488793,0.017108341959907625,0.01641976475013296,0.01119947904446894,-0.0008515501869643671
2024-07-29,0.001284392850926297,-0.006549134505940302,0.0034331082462963902,0.000587894119994381,-0.010483257957763836
2024-07-30,0.0025659842660064047,0.020583406720918962,-0.008928318389139434,-0.005066577985250231,0.017829453284506913
2024-07-31,0.014990930372114741,-0.011106497491911504,-0.010805821037109253,0.01625470242197591,0.0035542657221259155
2024-08-01,-0.01675070665527678,-0.02274430970136765,-0.0029640787604618968,-0.014160914265491042,-0.013829188815462579
2024-08-02,0.006869406976909742,-0.04241212697553942,-0.020666079963647,-0.018618386879309612,-0.0005985455593694455
2024-08-05,-0.04816702160769737,-0.021291586234699733,-0.03265687804837425,-0.029123758901492658,-0.018052718471539997
2024-08-06,-0.009748225629656604,0.02791177176671855,0.011286880140731315,0.009219585900067662,-0.005314889378079446
2024-08-07,0.012498301074166829,0.0002994428782292502,-0.0029528464859617243,-0.006684115494058673,0.013314616504232601
2024-08-08,0.016633349647083184,0.018263549011944713,0.010691927943350388,0.023117437452178313,0.019104418830904857
2024-08-09,0.01373591942352026,0.00852701116115484,0.008269405243716443,0.004409518321162764,0.008143093767484233
2024-08-12,0.007129851874770221,0.0018948936626779211,0.0019457639069708765,0.0005254581798894709,0.0012622011175207337
2024-08-13,0.0171929644535036,0.008487441908453519,0.017698737580326807,0.01644554243703711,-0.009579896403095645
2024-08-14,0.002033800001028263,0.011060911017392705,0.006883818767494443,0.0031549520537195175,0.009248336829112525
2024-08-15,0.013530569226876787,0.006230853264007852,0.011823828626271515,0.01714035994148433,0.006186455003204028
2024-08-16,0.005918452678374431,0.011439388554476126,-0.006080385427666313,0.0022418662206671325,-0.004716687015268506
2024-08-19,-0.0007078256491043211,0.006916735377836547,0.0073124432312128285,0.00956137091474707,0.0030465107896915367
2024-08-20,0.0027446991508923713,-0.004316443273664428,0.007757418793458815,-0.0016260026793798454,-0.033324876050577545
2024-08-21,-0.00048567582102698736,0.00037284124880043734,-0.0015536117803544025,0.0034364410660061573,-0.006371109286418708
2024-08-22,-0.00825961814773346,0.009459542587413994,-0.020252765944622775,-0.00784846691775154,0.0077293642082918446
2024-08-23,0.010288105431222272,0.007755158049239874,0.002983957273286375,0.010625421484762532,0.013858651796979649
2024-08-26,0.0014989589696747796,0.003939349447601437,-0.007917644174178728,-0.002383890782924558,0.021406485388761
2024-08-27,0.0037415179582847014,0.00460825466037984,0.0008463638015838715,0.0013732097959411327,-0.009510897754873016
2024-08-28,-0.006753462873920868,0.005041384905319912,-0.007828977804330561,-0.0058054715901108,-0.009857362528836178
2024-08-29,0.014570066034250484,0.0041574656847962466,0.00613731186341937,8.974547446727321e-05,0.013817353764541629
2024-08-30,-0.0034380407061611606,0.011655648763419846,0.00973072810924358,0.009545873959327711,-0.0016083339998236301
2024-09-03,-0.02720514938261931,-0.020017824070635015,-0.018458929723284445,-0.020578996194471677,-0.020942846086568823
2024-09-04,-0.008618762752463982,-0.004403123557831901,-0.0013188642836621245,-0.0020466511387128294,-0.012210963304816747
2024-09-05,0.006927917112803161,-0.007750766513923146,-0.0012472893221946446,-0.0024323780465664857,-0.007802926453480241
2024-09-06,-0.007015055172804763,-0.0237560590947844,-0.016381373786127806,-0.016830273220090564,-0.004683181289613425
2024-09-09,0.00040754709835377767,0.020474440754134404,0.01000744155703015,0.011196433269052397,0.02104048450881124
2024-09-10,-0.0036214047785367853,-0.05188868890710974,0.020901197039294495,0.0043556714229291416,-0.03643155916234386
2024-09-11,0.011585160540387607,0.008124130210622083,0.02134227040300818,0.010258947550831232,-0.009926053979122051
2024-09-12,0.0004939354816972941,-0.0030400715666806244,0.009360817206253591,0.008423285347685106,0.013762441357920263
2024-09-13,-0.0012120771298974597,-0.011035888242133085,0.008407493100406782,0.005222738569804486,-0.0007194121760928374
2024-09-16,-0.027775215582001134,0.0173258546199917,0.0017418065111955983,0.0014769019367719682,0.014035110426123598
2024-09-17,0.002172654697356613,0.00668721302766806,0.008832965946236726,0.00040856905497976825,0.013042257692220893
2024-09-18,0.017989925709678722,-0.008219977633454945,-0.009973510257990315,-0.002965730407402778,0.0035033479432393655
2024-09-19,0.03706551232389366,0.01421492572921923,0.01829109359635428,0.017064378139772574,0.012393064516686536
2024-09-20,-0.002927532487892792,0.0028980742249022917,-0.00779594719973753,-0.0017286358271398905,-0.006293187938454792
2024-09-23,-0.007580955560679947,0.001658069878287316,-0.004043475035008459,0.002498824661338439,0.018131398599515736
2024-09-24,0.003973931519701379,0.0007094571832819696,-0.010011311858678096,0.002861223307927485,-0.002641398599761202
2024-09-25,-0.004398159870869889,-0.006616531926466607,0.006850426691283662,-0.0022054529497933517,-0.019478912103573776
2024-09-26,0.00508027164685898,-0.0019506548998315942,-0.0018513580484024184,0.003964639116043278,-0.017164730215157298
2024-09-27,0.0011866370960107453,0.0034322206961368007,-0.007628047466238019,-0.0014502546060429777,0.026773030449998014
2024-09-30,0.022872009194074838,0.0017101652302495829,0.005326836901064391,0.00400722886300664,0.01208767368228525
2024-10-01,-0.02914159893673063,-0.018116335314047438,-0.022333211786773166,-0.008958432638663472,0.023119020348637553
2024-10-02,0.0025197433242127865,0.0012075575441881092,-0.008462190110560264,0.00042208177110447664,0.013257555974643953
2024-10-03,-0.004894631936951388,-0.009937830241288137,-0.0014144572033435443,-0.0018281765263400418,0.008723038957316298
2024-10-04,0.005007334394361962,0.035493760032183186,-0.0011523660342057651,0.00908737891272482,0.018355277615381693
2024-10-07,-0.022530850055161755,-0.0013730100515597643,-0.015670727716430854,-0.009040348576167312,0.004325892677072618
2024-10-08,0.018404189846798813,-0.0008534002727718093,0.012623929014335067,0.009457429857650634,-0.02656131806602058
2024-10-09,0.016698245550482493,0.012668985749583861,0.006631054469359965,0.006926461358692126,0.00040959836314291564
2024-10-10,-0.0021783239985201375,-0.00271756617645158,-0.0038806550113151816,-0.0017501687408968403,0.008600294591483815
2024-10-11,-0.006505341849435076,0.044399531700503925,0.001154305909256248,0.00598826804147734,0.0038166841709601496
2024-10-14,0.016479934342934044,-0.00364390343468346,0.006773681911937723,0.008178450457311026,0.0038023032461393935
2024-10-15,0.011024619010494119,0.004108781123871363,-0.0009543603461655836,-0.007769626992407019,-0.030061159800757742
2024-10-16,-0.008851753103872317,0.005620619999243015,-0.006256899012720862,0.004346389683625551,0.0025758421903301354
2024-10-17,0.0015962815732715185,0.0034878278108629868,0.0014419300404986402,8.578339713571914e-05,-0.002569224274048598
2024-10-18,0.012276487203049857,0.004233152440946686,0.003455604839017301,0.0038464792403316572,-0.002825186561701609
2024-10-21,0.006297898886118647,-0.010516072669498722,0.0014825923866221835,-0.0016422048779181075,0.0005833396525094514
2024-10-22,-0.002621656620710122,0.005022519608447684,0.02084640108570346,-0.0005310922072517821,0.005163200841263871
2024-10-23,-0.02162314258763609,-0.003168058067867796,-0.006806900974045571,-0.009137531074060123,-0.0035624566896318433
2024-10-24,-0.0008232869080260219,0.0070274820064955,0.0003061277170652854,0.0021628346516617825,-0.005654064194214992
2024-10-25,0.0036431692992595632,-0.011867741352382444,0.008052184254294659,-0.0003452680895702498,-0.000836114581217906
2024-10-28,0.008599436943685035,0.01434940551199193,-0.0036435784588774167,0.003091318631785356,-0.0049377587270791334
2024-10-29,0.0011568082078778907,-0.011530055563582553,0.012564772201894447,0.0016183926419506278,-0.013624925569141189
2024-10-30,-0.015278040481307209,0.006774441237229256,0.0013426977897128545,-0.003025231334937817,-0.005030529877105283
2024-10-31,-0.018209428065136035,-0.01109581738685661,-0.060527543359667035,-0.019603165693758418,0.0007712182325270156
2024-11-01,-0.013279615577432402,0.0045963064655178965,0.009892922659476389,0.0042204506992948865,-0.015670552498243673
2024-11-04,-0.0040376045849588316,-0.014174284072092536,-0.004654391984310058,-0.0021540157139352534,0.03184005626981046
2024-11-05,0.006486218188568982,0.007780555618785989,0.007344628754100357,0.012092037786568532,0.0029507841501905663
2024-11-06,-0.0032669286034545664,0.11544546802609346,0.02119280384277289,0.024865475267573434,0.017148643612892478
2024-11-07,0.02137224631259871,-0.04322837056393147,0.012494720509582224,0.0077320609007542895,0.0012396906464204882
2024-11-08,-0.0011882648656780237,0.0025381948846756597,-0.0067930822670971835,0.004331742618111534,-0.00033021933168009276
2024-11-11,-0.012028588279958119,0.00974767817745037,-0.0107208921891363,0.0009529299349826381,-0.00528438707095924
2024-11-12,0.0,0.0011283206713383898,0.012009319753290226,-0.0031064475544430037,-0.000996115632065142
2024-11-13,0.003969087468056243,0.006679022920362376,0.005129700744709753,0.0004859776858281428,0.009306125584680025
2024-11-14,0.01377044613361389,0.0029439468680476644,0.003974552754804961,-0.006430224552246955,0.0006640216691962131
2024-11-15,-0.014109178690716706,0.014222650414079885,-0.027852615404176384,-0.012808710262234735,-0.01036828747553964
2024-11-18,0.01342227508118854,-0.0011415473135126808,0.0018312696490434544,0.0040974882082263075,0.008381532114884349
2024-11-19,0.0011401709919756087,-0.007917331484395773,0.004882702197049005,0.0036553770825054066,-0.013964025400936553
2024-11-20,0.0031540646244545556,-0.009502608052753603,-0.005505229879706142,0.00033879909560963206,0.014246111774263381
2024-11-21,-0.0020960314614610898,0.016529514745775353,-0.0043167443490419455,0.0053683415882601615,0.013380906217064892
2024-11-22,0.005907584127903487,0.015484600147744887,0.010003080764387828,0.0030993837232957677,-0.0011480874347835623
2024-11-25,0.013050865641952791,0.0070005241531692075,0.004292594876669442,0.0033921526241242894,-0.014943805559528456
2024-11-26,0.00940434364985232,-0.0012784252245069405,0.021968084374537122,0.0052214809175450405,-0.016670777092276268
2024-11-27,-0.0005530768936284902,-0.0007201802395331303,-0.011682525585357428,-0.003030163234722827,-0.0026278641803351155
2024-11-29,0.010215883411244464,-0.0002800794954663788,0.001111110625475309,0.006212065548366841,0.0025497619166197083
2024-12-02,0.009522471068592608,-0.013895633315752276,0.017758475449137334,0.0017925681578028207,-0.000932568938950884
2024-12-03,0.012771881913739014,-0.00580714282976269,0.0005105450320237459,0.0004635766565275201,-0.0015273906963371164
2024-12-04,0.001483670323441988,-0.005800128944590477,0.01442473764401897,0.006209707245635743,-0.028809351098651348
2024-12-05,0.0001234138976056176,0.008545604252164107,0.011887912777782228,-0.0016456003578503298,0.004375151206216232
2024-12-06,-0.0008229737107761093,0.007658451764827712,0.0021463612000380827,0.001895738965418614,-0.010541837779006635
2024-12-09,0.016101265444968593,-0.014351489800788375,0.005523281439500094,-0.005149830201059191,-0.00589936688034165
2024-12-10,0.00413377928669334,-0.003896622202577471,-0.006031107168714356,-0.003109016445658197,-0.0020373412689340675
2024-12-11,-0.005166172185906537,0.002758866491888945,0.01276711918602813,0.0077306637810579115,-0.006656612130841566
2024-12-12,0.005963710987473725,-0.00821248386437845,0.0012694634941745608,-0.005152593115945736,-0.0008934386407699613
2024-12-13,0.000685632211919085,-0.006583119900415602,-0.005093897138370274,-0.00019862181953211877,-0.008764087521729524
2024-12-16,0.011727720864164848,-0.0015003083952686014,0.009658584560373606,0.004269983555946322,-0.021382130402269217
2024-12-17,0.009719587041880029,-0.005092244229937926,0.006355329246830355,-0.0041199505827091976,-0.004240800366081654
2024-12-18,-0.02142178972731157,-0.03352073225569552,-0.03756104129409987,-0.02980357345545892,-0.014720917819353696
2024-12-19,0.007014608986328996,0.011242810241596457,-0.0008230337872171534,-0.00030710529101718453,-0.0085509029522719
2024-12-20,0.018815883872863592,0.019917535664852437,-0.000983899442727254,0.01201110286046525,0.003412055244752743
2024-12-23,0.003064980125057515,0.0033248819158735454,-0.0030920846711629535,0.005988113644693316,0.004061462558108131
2024-12-24,0.011478256642881934,0.01644360093016517,0.009373908010368748,0.011115066605539958,0.0009407493794635347
2024-12-26,0.003175572889550171,0.0034254248603946547,-0.0027770366735764274,6.662663576362249e-05,0.000845765671828369
2024-12-27,-0.013242196411437757,-0.008102265839211475,-0.01730144350187146,-0.010526616031051095,-9.379418244215287e-05
2024-12-30,-0.013263452725055913,-0.007670983598130565,-0.013239663021626158,-0.011411609793855915,-0.006761869916495744
2024-12-31,-0.00705786004597142,0.0016296871665899548,-0.007838304773481908,-0.0036379457138790983,0.017114163880096678
2025-01-02,-0.0262359820000041,0.0012097594834334924,-0.006927668346814686,-0.002457043731384778,-0.002416996506629965
2025-01-03,-0.002009446394338199,0.013666618901990057,0.011395637878936826,0.012503472598431431,0.005125310942950767
2025-01-06,0.006739006166805561,-0.004875440018598187,0.010629584765377897,0.005760456878321607,-0.0011125718313014232
2025-01-07,-0.011387652273174287,0.00963255409481989,-0.012808315016175631,-0.011304016546816231,0.009374464531815008
2025-01-08,0.0020229253032912897,-0.00016451399630501573,0.005185012909641795,0.0014610443232185855,-0.016735468092824224
2025-01-10,-0.024103726697463634,-0.013408423112071466,-0.013213696137896691,-0.015267376834053215,-0.003647343360947519
2025-01-13,-0.01034417252455,0.018093182306365474,-0.004200905947674638,0.001550440352794169,0.025811915072594394
2025-01-14,-0.004778265887016686,0.013349060101501387,-0.0036434209810086715,0.0013759292368293874,0.003934514631462438
2025-01-15,0.019675958001679872,0.01971955944720416,0.025597134144538014,0.018189978739041157,0.016314195069547566
2025-01-16,-0.04040017869501,0.007608476281572463,-0.004058053181059784,-0.0019231741492636845,-0.0017039472369427822
2025-01-17,0.007535246582444088,0.01923158955734916,0.010481006047691643,0.010039953635990084,0.008983189167893757
2025-01-21,-0.03191572755965366,0.014932865427260689,-0.00123537317017397,0.009153584356871525,-0.007567682066571879
2025-01-22,0.005344900662525687,-0.0007223794584320098,0.041307006415045144,0.0056213647799272515,-0.017403858517385573
2025-01-23,-0.000759478195257568,0.01183236398611065,0.0011428106581854447,0.0054580220365023635,0.005660643869422888
2025-01-24,-0.0039345742628749125,-0.0041738126185180136,-0.005932189886637795,-0.0029192785511880093,-0.013527050644477123
2025-01-27,0.03178035572277116,0.0038136739109055906,-0.02139352355211055,-0.014145267289494612,0.013896530533503704
2025-01-28,0.03654387702365347,0.004852420982579098,0.029086948931724477,0.008592241279474333,-0.019333678175664226
2025-01-29,0.004616809098630492,-0.0020964168976521647,-0.010890061244708926,-0.0044827152118652736,0.00583108462996873
2025-01-30,-0.007394764006926291,0.006189502024026128,-0.061809017046936754,0.0053669749643716624,0.00828187100708555
2025-01-31,-0.0066921551124439205,-0.003467070763417235,0.00016869524179918827,-0.005321949711351581,-0.02500675085994364
2025-02-03,-0.033855973855805965,-0.0018330765566219043,-0.009974354036637267,-0.006729546139925269,0.0024338137354738
2025-02-04,0.02100795002801048,0.004235093317415117,0.00352849747615247,0.0067082232603601355,0.026799845739912564
2025-02-05,-0.0014175532806101065,0.00929314675697257,0.002231032043233272,0.004054603433442994,-0.0007274764782119192
2025-02-06,0.0032262253810400043,0.023924820703614902,0.006121568621018758,0.003475614030269414,-0.013196323157079082
2025-02-07,-0.023968685887934882,-0.00397247169811743,-0.014597617934332785,-0.009153481197679336,0.004242439073111504
2025-02-10,0.0011872561053560826,-0.017258940170505555,0.006028117730352944,0.006791089057172517,0.019101868534302735
2025-02-11,0.021831762511779873,0.014573363080767399,-0.0018921860579359517,0.0007606343957031747,0.006307971276745317
2025-02-12,0.018270203159199028,0.0016729919429563367,-0.005833205957403997,-0.0032213905817672916,-0.030086785200437505
2025-02-13,0.01967319998593431,0.0031584544540139703,0.0036671261026293145,0.010557361833585244,0.00726604662082031
2025-02-14,0.012710697826132211,0.000976963641409867,-0.005139581078884237,-4.905060671944739e-05,0.0010172929514935536
2025-02-18,-0.0005314861821118511,0.012147953355227115,0.0029625408217892613,0.0029356653995484816,0.017553573261015032
2025-02-19,0.0016361538037281687,-0.0025003038583129022,0.012523200479598762,0.0023549435384666584,0.001452681975685044
2025-02-20,0.003920455054429617,-0.04458380675066964,0.0052907175683352126,-0.0041602634378903325,0.015412554826042424
2025-02-21,-0.00113895905768846,-0.009595080358108743,-0.0190326712262765,-0.017104082781476126,-0.011696390556058978
2025-02-24,0.0063123665336812795,-0.010974844223871294,-0.010313230554083064,-0.004550479994154144,0.0052397163595014895
2025-02-25,-0.00024297231748227066,-0.015076243015835544,-0.015099071793035268,-0.004973156979543036,-0.013840195474999373
2025-02-26,-0.027040002751954617,0.005400265525824288,0.0045992342106173645,0.0005048550487694037,-0.002460569559258108
2025-02-27,-0.012730895296832578,0.0010046163606531877,-0.018012147084828123,-0.015961929079130965,0.006303745643025049
2025-02-28,0.019131795737724833,0.021617360009777986,0.011362114054836558,0.015605502647115355,0.010712646822025551
2025-03-03,-0.015754232451486216,-0.015227620953386256,-0.021411127229867488,-0.017519978699114036,-0.0320667825020573
2025-03-04,-0.008822402413990571,-0.03978965133121515,0.0003088656635419351,-0.01183668256799153,-0.0020415716784093485
2025-03-05,-0.0008052980890261852,0.005114819348015498,0.03193438180182895,0.010747592375506043,-0.01952777127219829
2025-03-06,-0.0017392346586670993,-0.019838637888280775,-0.010298610789470697,-0.017750892366065973,0.020675342477933567
2025-03-07,0.015892683419673093,-0.017279152320329394,-0.009020270893254745,0.0056047542726263,0.013008788628631196
2025-03-10,-0.04847958752014636,-0.0415221585126998,-0.033434151160752434,-0.026635555869501948,0.025499888206011123
2025-03-11,-0.029189322667941164,-0.01326328168156321,0.0007628752282822227,-0.008312958435207851,-0.023613642515628475
2025-03-12,-0.017478761575147272,-0.005411514437171361,0.007412217003214927,0.005306664456809607,-0.0002747595071884712
2025-03-13,-0.0336436351368844,-0.011891185230063939,-0.011741173780396075,-0.013330638775332249,-0.0042152047761157
2025-03-14,0.01817063457894852,0.032195061263326386,0.02584694718085334,0.020655831000073954,0.02972301823088319
2025-03-17,0.002388749211079011,0.006410161018951532,0.00036025195794020526,0.007711435998744909,0.016621941465426948
2025-03-18,-0.006121429375262943,0.00444578048610933,-0.013326500082712633,-0.01080844547504023,-0.00105487670604687
2025-03-19,0.011989176082662256,0.0176193510118563,0.011212100607904008,0.01089089448376046,0.015575582369682373
2025-03-20,-0.005296316723403138,-0.0004182684471767395,-0.0025270510226429455,-0.002891801677825878,0.0042457157841178095
2025-03-21,0.019476826454002172,0.010961909202351183,0.011425897726394796,0.0003298107530131933,-0.0034512164775449827
2025-03-24,0.011270431174758455,0.026610998972812938,0.004651586108809669,0.017908555198050014,0.0025974624525315626
2025-03-25,0.013681911591246765,0.012376029285184886,0.0052916522525254805,0.0024038818271738815,0.006821943701640354
2025-03-26,-0.00992184063628776,-0.00039824857878545394,-0.013133931408371269,-0.011938232984461727,0.014409461884615116
2025-03-27,0.010472665543175053,-0.011592279129477023,0.0015641740737437626,-0.002655751809027329,-0.0032129048779429015
2025-03-28,-0.026580320996315576,-0.021239659172325065,-0.030160324672558803,-0.020138283935378976,-0.0013571837702172074
2025-03-31,0.019412558903452393,0.010088535054301628,-0.009002035522357343,0.00671277169810125,0.01019277914522676
2025-04-01,0.004771978062007687,-0.006685738819632525,0.018114533691861334,0.002824358391568138,0.0009249797097021784
2025-04-02,0.00313633583274342,0.008864862934360396,-0.00013082881178716477,0.00632854486717771,-0.0031082927429630924
2025-04-03,-0.09245598748236983,-0.06968514618024324,-0.023630163414979033,-0.04928101977730104,-0.05258280323604614
2025-04-04,-0.07288753189482533,-0.07483838258228293,-0.03556577619669565,-0.058542850675068814,-0.07195589922366563
2025-04-07,-0.03673422126260195,0.019783235862139703,-0.0055025549804706975,-0.0017811932094612404,-0.013417501331036363
2025-04-08,-0.049818177330232194,0.01133181013215312,-0.009221495839314864,-0.015662714676747957,-0.0210802878604478
2025-04-09,0.1532885256174954,0.0805551421262396,0.10133683979457686,0.10501940559956857,0.04991558973805854
2025-04-10,-0.04239378450258846,-0.030852533869349275,-0.023406404700070715,-0.0438192142475996,-0.05548202042205741
2025-04-11,0.040594423581418404,0.04002461105667399,0.01861812854448286,0.017842825299162257,0.032122510826021466
2025-04-14,0.022053996592583225,-0.0062658803017511255,-0.0016476376511287416,0.009701436883774672,0.002423817300023945
2025-04-15,-0.0018763741147476143,-0.006774070067272153,-0.005363402026704489,-0.0028008096342629907,-0.002804875780888949
2025-04-16,-0.03893338032138549,-0.015098811692125791,-0.03660599735019676,-0.02222803272207108,0.010572298315870254
2025-04-17,0.013949572360662854,0.010234775473393576,-0.01030650831489155,0.0014268092873082061,0.026202047835911957
2025-04-21,-0.019392779417306327,-0.012803948677175492,-0.023546690156360572,-0.02380270230206527,-0.014683868365495067
2025-04-22,0.0340651558186138,0.028822144776244896,0.021441330200441255,0.026017758916625056,0.02800196715668868
2025-04-23,0.024331559837067696,0.02245428285508355,0.020636808715027488,0.015495355748962103,-0.008587308706903385
2025-04-24,0.018426113288234847,0.015609464961153785,0.034482684980770895,0.021049019601060648,0.011735096483703744
2025-04-25,0.0043673564728285985,-0.0044555588966170845,0.011748105898499839,0.0072253777163768795,-0.0005522732359217741
2025-04-28,0.004109273666969004,-0.00135500238586439,-0.0017609451266143994,0.00038130205064490497,0.00055257841018852
2025-04-29,0.00509184705173249,0.0057561649120365654,0.007362806256215437,0.006299452450055476,-0.0024853392702767207
2025-04-30,0.006107731322571031,0.0,0.0030961136761396,0.00039681266878188737,-0.025193863387287796
2025-05-01,0.00385881850870029,0.0092797183697777,0.07625351859990581,0.007086914929300692,0.0014199333733986297
2025-05-02,-0.037361736221225184,0.022763108799828347,0.023225259769653617,0.014844129127253636,0.004065084617032477
2025-05-05,-0.031458456524213974,0.00019799419681110209,0.0020446642789406777,-0.0057344033922135385,-0.027681050030707643
2025-05-06,-0.0019107744308995978,-0.013105742154801203,-0.006557113299345829,-0.008358321714206363,0.013944045022484364
2025-05-07,-0.011384749387458926,0.0005616845744191856,9.232956359972455e-05,0.00420554784974847,-0.0009549142383061815
2025-05-08,0.006318509532712513,0.01635992202705694,0.011122733832481968,0.006967790512363292,0.013956592771912746
2025-05-09,0.005266073450536091,-0.0015386160029075002,0.0012779959003070829,-0.0012742246627532872,0.01169031270294374
2025-05-12,0.06314610410356525,0.02754058636180723,0.02400098352276947,0.033047620735396466,0.017239775988343364
2025-05-13,0.010152369113843873,0.011382494513388464,-0.00026701792654726386,0.006603833724397878,0.002748250127662999
2025-05-14,-0.0028177398251642005,0.009999763422798846,0.008460587562103772,0.001278059529233433,-0.008952934543955626
2025-05-15,-0.0041445071103577424,0.006964038031785025,0.002256134202202942,0.004884236821186327,0.010140473257728821
2025-05-16,-0.0008985839062412015,0.000261924453869522,0.0025158497177424355,0.006333973690500372,-0.0035918964669557907
2025-05-19,-0.011739158746800094,-0.010016452036714196,0.010126052498360183,0.001093918100038005,-0.015897918133060074
2025-05-20,-0.00919621752531341,0.003020199182335759,-0.001525411472787952,-0.003362128049795521,-0.014276399723220812
2025-05-21,-0.02305911477177236,-0.017464620042666468,-0.012222605207279247,-0.01685079340484308,-0.012291443847459393
2025-05-22,-0.0036121585814256063,-0.001417363450126663,0.005060036300466919,0.0003946470773714683,-0.006656386579869222
2025-05-23,-0.030244403151994836,0.0001532459771589334,-0.010288843830415284,-0.006825781018315102,0.0005825884941983439
2025-05-27,0.025298341226390075,0.01756754394302451,0.0233461047881125,0.020790667721467315,0.004755876324139541
2025-05-28,0.0010488851004830657,-0.006785005041522463,-0.007228206676366811,-0.00578541447708103,-0.013620449694393355
2025-05-29,-0.002345136061230768,0.003339815940554436,0.002886132657405671,0.003947382380242059,0.005680122877480764
2025-05-30,0.0045011768949494435,-0.0013995691732326954,0.0036625974856825394,-0.0011184567013394764,-0.0037978407068818276
2025-06-02,0.004231977503895257,0.0024999640572718196,0.0034973444039121393,0.00563279639321701,0.007331436523833501
2025-06-03,0.007783918081640806,0.0060831537935632785,0.0021646595001703073,0.0057025903821517065,0.007278001362901465
2025-06-04,-0.002213904838719083,-0.0076988462596765395,0.0019439125536373503,-0.0002684438644731113,-0.014450905412345172
2025-06-05,-0.010797699336839828,-0.008591284398430488,0.008213506571433937,-0.0048327690561892345,-0.004594268384692124
2025-06-06,0.01639831188885066,0.014430221801416732,0.005773203535631932,0.010268979858962801,0.02396134073540801
2025-06-09,-0.012112573294913775,0.0038009307450865837,0.005038503650813819,0.0009013859272306579,0.006713484940299885
2025-06-10,0.006056094961710334,0.00697299235321025,-0.0038709607045448458,0.005669561138927692,0.02143471487528803
2025-06-11,-0.01919371389939728,-0.0016754349499784604,0.0036098981722312296,-0.0028519145907881516,0.019492553493155373
2025-06-12,0.002112861287835832,0.00033564934864527274,0.013224144102040203,0.003974328755850465,0.0038422361931318427
2025-06-13,-0.013805233102505254,-0.012265009759328649,-0.008165061896095782,-0.011180165505591644,0.021780811224838326
2025-06-16,0.010027938173407858,0.020418827142155704,0.008800795626047186,0.00951419647871532,0.003210896249341122
2025-06-17,-0.014010596445348411,-0.0031069659326938837,-0.0022958041499749893,-0.0085450325365789,0.01351344635996643
2025-06-18,0.004804711122616601,0.01647379994574716,0.0046021097802841915,-0.00015073907087492788,-0.007105220142147206
2025-06-20,0.022484525012509637,0.0037961063450324684,-0.0059136689847386625,-0.002348536060589046,0.013340350665852485
2025-06-23,0.0024875227541492073,0.011890883128322649,0.018014164898636942,0.009877480504495662,-0.025806516706742277
2025-06-24,-0.005955377660487593,0.010745047180358736,0.008456812774619626,0.011047208993087754,-0.03042776901166644
2025-06-25,0.006290559785556926,0.00995519278341428,0.004407168233767633,0.0005603646306042709,0.0002770012651081011
2025-06-26,-0.0027782426676480343,0.01651047236364067,0.010522749157461098,0.007823881259497956,0.014948768230564013
2025-06-27,0.0003979975434207361,-0.005679618612004833,-0.003035486574416879,0.0049683312642012645,-0.0055459568819101746
2025-06-30,0.02034008166750545,0.009752460382966177,0.0029640831673793944,0.004781205589738269,-0.014445030238362189
2025-07-01,0.01291618357444646,0.001724625649672351,-0.010775874969415344,-0.0003236793082248557,0.013357916068402087
2025-07-02,0.02223078455769123,0.005474998165430511,-0.0019509840445374182,0.0045332765158159205,0.01656919614384278
2025-07-03,0.005224896020920244,0.01858226783192607,0.015781265655180343,0.007881385954874975,0.010355592948881442
2025-07-07,-0.016857785800466818,-0.013614877621957011,-0.0022452582003857913,-0.007451918652258582,-0.009714791187946603
2025-07-08,0.0002857369470350424,-0.03147581593578774,-0.002210101279708887,-0.0005478153334741442,0.027720220690452546
2025-07-09,0.005380692982602575,0.0013438950005659756,0.013873813859313744,0.005996626767211355,-0.0034152251048173987
2025-07-10,0.00601505145040937,0.017763630089264293,-0.004031706213070474,0.0028203102183428364,0.009929702196791679
2025-07-11,-0.005884824162426194,-0.004615012391645634,0.0036691458164881396,-0.0035154238705955576,0.004350440068408679
2025-07-14,-0.012028889648712626,0.0064144049473455755,-0.0005960652012634293,0.0019081172266208757,-0.013081540476968634
2025-07-15,0.00234878684197648,-0.007447162308350075,0.005566410200881,-0.00427316705062708,-0.008865855602783523
2025-07-16,0.005021289252517214,-0.0025475106908036116,-0.0003954734582511943,0.0033431911185151097,-0.006022521284442028
2025-07-17,-0.0006661748290881508,0.014274634018463184,0.01202491551810847,0.006119591369857513,-0.0050788486642970865
2025-07-18,0.005523257552692451,0.004725778197296249,-0.003224549647297126,-0.0007323149660010131,-0.03483787053120668
2025-07-21,0.00615594851958301,-0.0010300443418675975,1.9558530859553613e-05,0.001896175165666536,0.002598093630718612
2025-07-22,0.009036079429770583,0.001581029855053373,-0.009391040502518044,0.0001431211632245688,0.004534918236533958
2025-07-23,-0.0011660263965397322,0.018289131614985576,0.0011875296267318536,0.008507541122114937,0.012806342171925555
2025-07-24,-0.0018210788753133533,-0.0007076920797643993,0.009903698351960477,0.00033105252282705777,0.007823176726808434
2025-07-25,0.0005612880787413399,0.006980344530854055,0.005539590346693046,0.004224252618048929,-0.003520175725262198
2025-07-28,0.0007949030512659494,-0.0011386504431269984,-0.0023555168101395685,-0.0002511001694515125,0.009420367675656127
2025-07-29,-0.012987608774891357,-0.004157147633496283,0.0001366145746488634,-0.0026375522185667633,0.012921601959048568
2025-07-30,-0.010507879767783224,0.008719349741289184,0.001307092944925925,-0.001259331011043141,-0.0086817496624787
2025-07-31,-0.007079645239497334,-0.011314023199069267,0.03947474498101644,-0.0037512265266995692,-0.002323504812763222
2025-08-01,-0.025003627425670194,-0.023190610334723027,-0.01760072429505677,-0.016390369519761472,-0.01791465755992272
2025-08-04,0.004792984751981866,0.016898787459356912,0.021999141661465993,0.01519971367995021,-0.020704108574539082
2025-08-05,-0.0021146466969286237,-0.009821303435251894,-0.01473013922826194,-0.005069869050569054,-0.0012108406088987556
2025-08-06,0.05090678215297206,-6.864606059275857e-05,-0.005324358743501567,0.007659581475386812,-0.006807104271820186
2025-08-07,0.03179364967503995,-0.015136326514129439,-0.007810365732719093,-0.0008376240775045396,-0.005257731432982249
2025-08-08,0.04235786562676558,0.00634290990473918,0.0023039410628609147,0.007797670813968871,0.008022611833510274
2025-08-11,-0.00833735937331237,0.0027703388354820557,-0.0005171863323104597,-0.001977539647394999,-0.009082375089884298
2025-08-12,0.010872419065924621,0.011362113862153134,0.014316578986969253,0.010646114455700184,0.0028346682320101735
2025-08-13,0.01602444528652036,-0.007922170288335417,-0.016362973710205786,0.0034230513551560815,0.013851027846778496
2025-08-14,-0.002357234632724192,0.01249442902843323,0.003649561440593363,9.306090191762983e-05,-0.002044605395182808
2025-08-15,-0.005112134601489071,-0.01247633990874153,-0.004421169114183443,-0.002341289856780615,0.0009399013719406657
2025-08-18,-0.003022531587090427,0.003580195581640133,-0.005901990536563151,-0.00021763143719111255,0.002159816456253072
2025-08-19,-0.0014292607707683258,-0.0029841460470685366,-0.014175078123200624,-0.005425130066677664,0.006559184612582536
2025-08-20,-0.019734587754066668,0.005435752313595499,-0.007944763828371282,-0.0026570836306466505,0.010333305522837621
2025-08-21,-0.004911237335397001,-0.0026347935995355565,-0.001287469977040212,-0.004011822287558586,0.006449866239876201
2025-08-22,0.012716749948596506,0.016365299488910967,0.005929802111420912,0.0153567897013831,0.01876772148992667
2025-08-25,-0.0026343741790885167,-0.004523258598220448,-0.005855335195253941,-0.004401062092461827,0.004133696128124198
2025-08-26,0.009464701590599311,0.012444823159558416,-0.00440250800265396,0.004187036349890816,-0.0022373194886785575
2025-08-27,0.005145918125483151,0.0023780648098361556,0.00936175319339494,0.0022785132820093423,0.011301442172545473
2025-08-28,0.008980879291928812,0.005981026202280582,0.005722875409566175,0.003541362732142783,0.00532150840477752
2025-08-29,-0.0018060204541949787,0.0011626017597914373,-0.005788381951071675,-0.0059636816039791984,0.008292919745926941
2025-09-02,-0.01042469754672981,-0.005706414413285454,-0.0030985586346867766,-0.007410295555874247,0.0034998008537490133
2025-09-03,0.038089829254487784,-0.0006339083965175574,0.00045537194199019027,0.005419655849209892,-0.024239128461028714
2025-09-04,0.005493291605817463,0.014390143956228396,0.005184547565648234,0.008357264025116162,0.0043784175567163075
2025-09-05,-0.0003753695782166,-0.03107106413841898,-0.025533004123011738,-0.002896148488535144,-0.02820279190353525
2025-09-08,-0.0075513878695669945,-0.004993580013395338,0.006464623177218298,0.002456541908713472,0.005676018226726587
2025-09-09,-0.014839387013392713,0.016865373618045076,0.00042153075513740035,0.0023119206976098816,0.0072827303397347
2025-09-10,-0.032259477843797124,0.009031295810073336,0.003932485859952983,0.0028908542790047065,0.016719439792323154
2025-09-11,0.014286370691166894,0.016703304356282755,0.0012790734278176341,0.008310264731785644,-0.003200013977614491
2025-09-12,0.01756295951024689,0.004418122916877154,0.01774414523211698,-0.0003347065098450175,0.0001782719900551566
2025-09-15,0.011235861035975292,0.006483834197612559,0.010707959006712509,0.005323952420932088,0.001694012248433907
2025-09-16,0.006125955224930424,0.0009388810206107934,-0.012263262823754228,-0.0013768859187989202,0.020738789613595765
2025-09-17,0.003527257082143187,0.008279778256597092,0.0019251529153794245,-0.0012423421464923257,0.005319146041896872
2025-09-18,-0.004644626316983702,0.004747428199133541,-0.003078267683711111,0.004672538520265945,-0.011796354353529881
2025-09-19,0.03203299068174581,0.004948391365061422,0.018644826284158533,0.004952781371340809,-0.009742856450401072
2025-09-22,0.04309567263758818,-0.007433792067067735,-0.006719030452662422,0.004731100453688075,-0.007090942351974383
2025-09-23,-0.006443278871197333,0.0009601525303719605,-0.010146662244378102,-0.005443566388828813,0.017229093128151796
2025-09-24,-0.008332328960039437,0.0021744825208791507,0.0018065456770510746,-0.003181633452613686,0.005353222317430184
2025-09-25,0.018072939472633998,9.572490026932279e-05,-0.006115801241625585,-0.0046134974884720625,0.008990912676600571
2025-09-26,-0.0054890943685314,0.00832647897360328,0.008737149193587035,0.005729144366994232,0.014101625092936887
2025-09-29,-0.004031963397017835,-0.0011705499850999113,0.0061392016521393256,0.0028103664411398555,-0.025592904108405867
2025-09-30,0.0007861175643599783,-0.0008236504387522103,0.006510017339799168,0.0037668667591119753,-0.012869945547446249
2025-10-01,0.0032203038937570483,-0.014963669335741447,0.003398079103759999,0.0034074772846366397,-0.006740591148653885
2025-10-02,0.006576637201686664,-0.01017027013830274,-0.007638978318490808,0.001151803537192908,-0.006250524109890798
2025-10-03,0.0034612549164674267,0.00806379112245037,0.003121608690878075,-1.4767362221612679e-05,0.01770151289608668
2025-10-06,-0.005154640398047805,0.002106704824039518,0.02168765904212222,0.003586228910336109,0.008299440439263117
2025-10-07,-0.0008180041021814688,-0.004819239646801643,-0.008683906700529431,-0.003707492250961897,0.0005254419282167966
2025-10-08,0.006160338232429563,-0.011895047118442248,0.001660362669058335,0.005963052412792269,-0.002100527405090258
2025-10-09,-0.015577920734133444,0.0049337092986971864,-0.004667933745094888,-0.0028970083792374535,-0.009735029551375618
2025-10-10,-0.03452204809648307,-0.0151866148751153,-0.02189895346520787,-0.02702782789908964,-0.019307420625539806
2025-10-13,0.009744415443628807,0.023530118949580014,0.006047390990968848,0.015344074693208754,0.013636665575055273
2025-10-14,0.0004441188177246591,-0.01912528477724018,-0.0009337311959395356,-0.0012216548034567065,0.00044552617294257857
2025-10-15,0.006336506208048043,0.01195050884675486,-0.00027263008733469096,0.004439523175783,-0.006055790796114957
2025-10-16,-0.007579973963228515,-0.023389754519057115,-0.0035447995371724605,-0.006810261153983976,-0.008690989239048763
2025-10-17,0.019559419889786378,-0.0032825735954961077,0.0038507309847994886,0.0056763938002961645,0.01446131822267227
2025-10-20,0.039438767662544505,0.01613111159411096,0.006250022375636322,0.010400475399621634,0.004098409928138258
2025-10-21,0.00202092745830873,-0.017429494953694724,0.0016835817454483593,-1.4904481475785936e-05,8.872769332501917e-05
2025-10-22,-0.016440071254245958,-0.010030714629819526,0.005563554532507453,-0.0051989069274410715,0.017744656326263097
2025-10-23,0.004372055505519334,0.0014621903269567138,3.838360290164822e-05,0.005929891190499692,0.011071374804727752
2025-10-24,0.012481961631328753,0.020031224285313565,0.00585904386582925,0.008172571104630766,-0.005087087992680761
2025-10-27,0.022791192752595002,0.012348435380442613,0.015106808844357555,0.011797712023148943,0.00476646176011708
2025-10-28,0.0007067783895675639,0.003978273984245995,0.01984868712814336,0.002655998956591077,-0.007848851251264333
2025-10-29,0.0026022429598195895,0.0004913028101329875,-0.0009593535958009047,0.0004803870398957244,0.012344532128331531
2025-10-30,0.006303249053230431,0.012863815692467417,-0.02915704505607286,-0.010998143937076876,-0.01511379841347349
2025-10-31,-0.0037950435186790976,0.005429062526573825,-0.01512103683912347,0.0032800997320787673,-0.002877277748537521
2025-11-03,-0.004882341269010326,-0.005689031500917374,-0.0015062732980567484,0.0018767772528909266,-0.005246590360809766
2025-11-04,0.0036797500454424092,-0.00032331060497625685,-0.005222061797499733,-0.011853539942447533,0.0033403043854685066
2025-11-05,0.00037036583712879434,0.007857713267444666,-0.013940547578869977,0.003465389196996238,-0.0040299819945116555
2025-11-06,-0.0013697782796735503,0.005582719588749896,-0.019835950877711617,-0.010729333212666003,0.007213154842509617
2025-11-07,-0.004818894404181151,0.0025204552273638825,-0.0005632641778654524,0.0009845075813768034,0.02375548819163842
2025-11-10,0.00454869456011342,0.008529351485299097,0.01847748335053323,0.015604343307994428,0.0085309680361354
2025-11-11,0.02160114657791201,-0.004007744013883263,0.005296468707956636,0.0022892399865568347,0.013195750915422133
2025-11-12,-0.006466862149501096,0.015176546861379814,0.0048360784124728,0.0005564884786124491,-0.013858787421057284
2025-11-13,-0.0019014031834500011,-0.034112491501447795,-0.015357852274828332,-0.016594019980226582,0.00567217525216801
2025-11-14,-0.00197850671637112,-0.01896745352993301,0.013689885573804128,-0.00016376876033719068,0.012992572952308823
2025-11-17,-0.018171161859606544,-0.010671543130122418,-0.005272655280872285,-0.009316433429244597,-0.01349655870681532
2025-11-18,-7.464669137968727e-05,-0.0031959998506426723,-0.02699551289518043,-0.00839755277010068,0.011471750936518976
2025-11-19,0.0041877290655560895,0.012891982118452994,-0.013507861045262248,0.00386320014283692,-0.014114072796207577
2025-11-20,-0.008601349703672212,-0.016124166946488994,-0.016001286373730217,-0.015242245459799575,-0.002812120835141485
2025-11-21,0.019680647235321702,-0.0012065446683819925,-0.01318895836861611,0.009961222976632822,0.0005127606026469334
2025-11-24,0.016317468883471742,-6.709974433860566e-05,0.003982067479795237,0.014718507062180475,-0.009480681209980912
2025-11-25,0.003805495657415614,0.016778439870717365,0.006307939090366643,0.009405991442055894,-0.012589498743030392
2025-11-26,0.002093957526739132,0.015313624693302552,0.01784106796189966,0.006903483450626968,0.0022705543238479287
2025-11-28,0.0046839067924580036,0.017682915408994138,0.013408926747197292,0.005458406338614941,0.01002002050289219
2025-12-01,0.01524119743713337,-0.013287260150049218,-0.01071121950431042,-0.004565505423429594,0.006124933787519327
2025-12-02,0.010914832876105063,-0.003366572161670911,0.006697657758429676,0.001852299674079072,-0.010717659116543987
2025-12-03,-0.007128157809805358,0.013804105854062554,-0.02504083083412756,0.0034627677932603795,0.020974189690391887
2025-12-04,-0.012141479874668626,0.012719117916349276,0.006509927133071081,0.0007310561539983773,-0.005602756822066679
2025-12-05,-0.006840055245008081,-0.003353364296213135,0.004824912832363637,0.0018995368427094927,-0.005121957224785589
2025-12-08,-0.003192433705098474,0.0005394858981067063,0.01626790556904023,-0.0030042775146746914,-0.004805299577161026
2025-12-09,-0.002555062909471051,-0.04663548081072799,0.0020365533068591457,-0.0008630551776172002,0.019572353826043054
2025-12-10,0.005772469911612843,0.03194551491487574,-0.027356619467261645,0.006632177546088913,0.010909092098001505
2025-12-11,-0.002690246960942222,0.023443384673624168,0.010259979343901993,0.002326948130527251,0.0
2025-12-12,0.0008992046267306542,0.003591964345004195,-0.010217781958397731,-0.01075196892753394,-0.006023090659561858
2025-12-15,-0.01498499906996098,0.0047091697588901305,-0.007752945826024926,-0.0015108877827512135,-0.008920997001540254
2025-12-16,0.0018241281266524467,-0.013967802574422983,0.003306541643073313,-0.00273229759527871,-0.02615494655067141
2025-12-17,-0.010087028861802017,-0.001806348927361312,-0.0005668130933824678,-0.011003620102041367,0.02380544455603384
2025-12-18,0.001287574790797219,-0.006286169244011375,0.01650851077648796,0.0075513325776148665,-0.007409935862966011
2025-12-19,0.005437411303821804,0.013450425955421785,0.004008420178750471,0.009063445479451815,0.001287048508750832
2025-12-22,-0.009865948891234266,0.018536715100009094,-0.0020579280335145667,0.006229892278320159,0.012511819059337626
2025-12-23,0.005129713035979311,0.00879007046571223,0.003980023810253641,0.004570454818432879,0.010749017598796984
2025-12-24,0.005323781322749355,0.009940839366306298,0.0024031254578502637,0.0035176203055324873,-0.0016748086913415117
2025-12-26,-0.0014973926274014504,-0.0038278093301085114,-0.000635160515604416,-0.00010141503224314619,-0.0009226057941849053
2025-12-29,0.001316908213532919,-0.012686425725559114,-0.001250745693541444,-0.003563628207054803,0.011921726355147433
2025-12-30,-0.0024840480713893553,-0.0010192030648613626,0.0007801596803003186,-0.0012211007345822589,0.0038164696994502645
2025-12-31,-0.00446757506501283,-0.00371046785029705,-0.007918308222643278,-0.007408967373390696,-0.005372337046501752
2026-01-02,-0.003126592761770741,0.010117357057894738,-0.022083435687120456,0.0018330397334518356,0.019195686318152383
2026-01-05,-0.013837114156417418,0.02629964132678797,-0.0001903375156925291,0.006660113816063129,0.022095367401979038
2026-01-06,-0.018334270451824564,0.006224686240595911,0.011970000253572977,0.005947183373089304,-0.034381009885611324
2026-01-07,-0.007737497507594893,-0.02277270780531304,0.010365499243197629,-0.0032233567922274053,-0.02114832148341028
2026-01-08,-0.004955093401707855,0.008563024588912116,-0.011086551233978836,-0.00010153268198576093,0.037302828957526346
2026-01-09,0.0012738888084979916,-0.0018193679489144632,0.0024471834263524173,0.006613342394092614,0.013831208350639113
2026-01-12,0.0033929113461488303,-0.014277521145921401,-0.00438162996992264,0.0015704538117717881,-0.0046545667374645605
2026-01-13,0.003073874731586601,-0.041881133582052144,-0.013642593572847694,-0.0019994751058702853,0.02023703229344309
2026-01-14,-0.004175458991876879,-0.009745849792895389,-0.023987065591537404,-0.0049152373416185835,0.02892357479748653
2026-01-15,-0.0067318453757286845,0.0045149317748736095,-0.005921024377300688,0.0027232143965294497,-0.008217996984016374
2026-01-16,-0.0103790448074641,0.010379544850873224,0.007007346870100184,-0.0008378739908954103,0.005885480467530568
2026-01-20,-0.03455564430294322,-0.031138965667908414,-0.011612253703628728,-0.020356785723545046,0.004388446903649923
2026-01-21,0.0038508468560267684,-0.0023121331059161587,-0.022903278470751354,0.011541079202094462,0.02414533121193818
2026-01-22,0.002826561879143208,0.0052641178593690885,0.015829449808587803,0.005223230019727687,0.0002245462112051566
2026-01-23,-0.0012482700788880585,-0.019464496763157202,0.032827950848620446,0.0003627802397405677,0.009951991457124665
2026-01-26,0.0297129735567756,0.011151434326916343,0.009292820813103786,0.005078147060609828,-0.0009632672853026047
2026-01-27,0.011197539980376536,-0.002424942828042287,0.02190185886971885,0.003984264729684606,0.014758381549826671
2026-01-28,-0.007085403423770176,0.0015316962350975238,0.0021848569201308177,-0.00010066990364987483,0.005481211167172262
2026-01-29,0.007175070687510443,0.018785269292614704,-0.09993146244609463,-0.0019843824489698125,0.021296690027909237
2026-01-30,0.0046461584937966816,-0.0017296907488322244,-0.007404862064634643,-0.0029825802604032114,0.006334044404567862
2026-02-02,0.04058126002356821,0.0073556250631745534,-0.01608216420757036,0.004971362130935519,-0.021216352129170724
2026-02-03,-0.0019629088916998105,0.021775739143063966,-0.028721958392058156,-0.00845539643070059,0.03851159348080202
2026-02-04,0.02601286642781786,0.007686122055548195,0.00724696002125591,-0.004843921678897134,0.026855818751763127
2026-02-05,-0.002097593092373451,-0.022409818542664217,-0.04954246909318927,-0.012489211256201727,-0.010231005223689915
2026-02-06,0.008009748840153375,0.03946348615324524,0.018975241101618856,0.019184711840951385,0.020331365797741086
2026-02-09,-0.01166048390953256,-0.000930488069534996,0.03106151286708836,0.004821832103010459,0.014491837868381152
2026-02-10,-0.003422959769044165,-0.011859725795086873,-0.0007979599440377516,-0.002637160432080843,0.0025129582881242563
2026-02-11,0.006650117732854843,-0.023438421571628232,-0.02153555363583015,-0.00023105881441631837,0.026189084387423733
2026-02-12,-0.04998173910671744,-0.026317534667602005,-0.006256627631262779,-0.0154488742279012,-0.029767761278130633
2026-02-13,-0.022733450234726726,-0.00029747383395828386,-0.001294005019369382,0.0007044854938154099,-0.009871235092451358
2026-02-17,0.03166790148756515,0.015138066396248151,-0.011113366274641656,0.0016134664707250224,-0.015223895115815345
2026-02-18,0.0017811375828364895,0.005372327181836223,0.006904209070364153,0.005037758541617032,0.03071336442023953
2026-02-19,-0.014261551090285374,-0.0023641582522772042,-0.0005769168650320289,-0.0026374339404172664,0.0019246787699103152
2026-02-20,0.015350449692731916,0.008894742952802126,-0.0030868355547025716,0.007231864589122949,-0.024441991405953267
2026-02-23,0.006047257970275721,-0.042214981000016416,-0.032122471647954565,-0.010211314710874664,0.023628491290873965
2026-02-24,0.02239103564464129,-0.0012431491035961306,0.01178245055508631,0.00726845293039502,-0.00994966372170536
2026-02-25,0.007679860855135612,0.02018164272899292,0.029820067104153303,0.008438348943581309,-0.0013398578585576137
2026-02-26,-0.0046676776162442035,0.009330769938703076,0.002795794059219592,-0.005554476391621099,-0.0034886340611473
2026-02-27,-0.03213044438249635,-0.019044222796515298,-0.022353905603506474,-0.004801943258527341,0.026659598092395154
2026-03-02,0.0020440108677830526,-0.009124192158079247,0.014793496213936663,0.0005685787823312971,0.011278690083532883
2026-03-03,-0.003664168116717992,0.009073787728847149,0.013498946299321357,-0.00881433848279567,-0.015497333153763782
2026-03-04,-0.0046635601744375865,-0.0028973861311007987,0.0031441575378865494,0.007055308353084655,-0.013238460348413805
2026-03-05,-0.008494547048829904,-0.01950645568892695,0.013524136978431578,-0.005575546846393831,0.006274141468621597
2026-03-06,-0.010872595974432131,-0.013864685824104273,-0.004188178755669236,-0.013107135070836495,0.002984939876281789
2026-03-09,0.009399570490431275,0.0015200188442070495,0.0011003819846291396,0.008760025013039074,-0.005092304689750193
2026-03-10,0.0036555398041986376,-0.004104646261508971,-0.008915253325116002,-0.0016071269053671289,-0.015354902720048136
2026-03-11,-7.670678451010549e-05,-0.004190830232280396,-0.002168781697636457,-0.0012551629285171284,0.02329025727098477
2026-03-12,-0.01936274610273292,-0.016103083976032773,-0.007459048347235875,-0.015184948869363502,0.012864530415857
2026-03-13,-0.022051876328148423,0.0019441494546730276,-0.015701980263283843,-0.005660109501006372,0.016869575258289915
2026-03-16,0.010794859745288043,0.009596371267614812,0.011123813803188609,0.010176866111483163,0.007109961700376477
2026-03-17,0.005577047742174601,0.002551037088385444,-0.001350190094862036,0.00263055486997521,0.010048992858355144
2026-03-18,-0.01687444479508171,0.0029627028745808914,-0.019078127856892224,-0.013953645387120184,-0.007682146137123036
2026-03-19,-0.003920930967820313,0.0007994110433215962,-0.007070163788856276,-0.0024643404851918405,0.0036170120053331534
2026-03-20,-0.0038962445152316283,-0.004896382729087878,-0.018379502592174246,-0.01433577587250423,0.009547273778944598
2026-03-23,0.014113480475494988,0.01169041039319807,0.002959135038786531,0.01050001924493782,0.009143907680765118
2026-03-24,0.0005964238375686381,0.008588885393816303,-0.02678853724706265,-0.0033568497522664664,0.026376193256980818
2026-03-25,0.0038944425565474727,0.010328370772313633,-0.004560770869753483,0.0055727589473859585,-0.012818994405623618
2026-03-26,0.0010688333127273353,-0.012727709195087478,-0.013664314379738696,-0.017858744158138706,0.013291648141221524
2026-03-27,-0.016173068672430957,-0.030240671116531836,-0.02513870584021738,-0.017051883523327982,0.03360941870519185
2026-03-30,-0.008721851736991693,0.0032880699097952437,0.0061384155305796995,-0.0033434623831846144,0.002807163374213051
2026-03-31,0.029031290418426448,0.036614158333540425,0.031229168262500107,0.02906792569891481,-0.010555741608490044
2026-04-01,0.007250134515282447,0.004147464284507629,-0.0021612185793732364,0.007534463782890022,-0.052339947978418455
2026-04-02,0.0011344553655323608,-0.0026406763221814566,0.011072898156205158,0.0009004744280911581,-0.0005598211782673612
2026-04-06,0.011487876222620041,0.008017762042235033,-0.0015530085833448393,0.004726797348638012,0.01667803857807426
2026-04-07,-0.0207060792616357,0.006600039292219417,-0.0015822686391459007,0.0004400741058487867,0.0033054882558405385
2026-04-08,0.021301735790709264,0.035541383796725334,0.005479540091115842,0.025469554638327674,-0.0469160615120342
2026-04-09,0.006141348347641795,0.00766303647176092,-0.0033659586280663234,0.00576909117108837,-0.007553437836438803
2026-04-10,-3.834482173115106e-05,-0.0014822655720735378,-0.005897049250381925,-0.0006617805145495703,-0.01631844232987434
2026-04-13,-0.004913954203973225,0.012295471064092123,0.036400895671633515,0.009772397784351794,0.0008524794530593294
2026-04-14,-0.00142758690909639,-0.008161175779035967,0.022738482049594833,0.01218488075237012,-0.022274613211083927
2026-04-15,0.02936295529114541,-0.0166816743470678,0.04606857252161789,0.007890994867038925,-0.0015411767067384785
2026-04-16,-0.011372633634406881,0.013140325000793096,0.0219833872819577,0.002457311622604319,0.01993157920727917
2026-04-17,0.02593021154924191,0.0010969392627850905,0.0060200797613549906,0.012085685130224011,-0.036452191056455696
2026-04-20,0.010435475371396441,0.021592643994152727,-0.011163937475598185,-0.001999667552905704,0.008467550271490154
2026-04-21,-0.025196703995697067,-0.012587117439969986,0.014566929536200313,-0.006546949154936255,0.004604650712823677
2026-04-22,0.026298995241013978,6.386266348834546e-05,0.02065260677572822,0.010126696838070659,0.007683974480842126
2026-04-23,0.0009516944880663125,-0.004248887032602733,-0.03966093711350327,-0.0038807239498251933,0.0068896321963785034
2026-04-24,-0.008667702544387201,-0.010940369069907585,0.021334925116506254,0.007749297960024215,-0.010761917027958812
2026-04-27,-0.012727861582674027,0.010866764359610537,0.00047103812663373823,0.0017228064887020444,-0.004835155130816782
2026-04-28,0.011584102768505522,-0.0005775845488592557,0.01042792853303709,-0.004865948728146163,0.0159929614507357
2026-04-29,-0.001994705758897597,-0.007063773064066581,-0.011159018159398681,-0.00015454109399481997,0.02729808106235354
2026-04-30,0.004367659937802859,0.012869881928304405,-0.039296972651300055,0.009949627427204177,-0.002198226559964156
2026-05-01,0.03239351812191993,-0.002426363180308977,0.016332345093055922,0.0027691138283709726,-0.010237822397487384
2026-05-04,-0.011815603186417278,-0.015425504225649811,-0.001978591157678289,-0.0036633796697419507,0.0061538941189072105
2026-05-05,0.026550690927708454,0.0056882822516448606,-0.005415575312649912,0.008022185884992261,0.00774285199079916
2026-05-06,0.011717924952267644,0.01777634165642583,0.006271541012307091,0.013899439445017592,-0.039966430551094834
2026-05-07,-0.00024350711440246364,-0.027405541600770578,0.01645085925974743,-0.0030661051573263043,-0.014190627753102536
2026-05-08,0.020456497888878378,-0.013615382047668101,-0.013427749231185726,0.008256073001242203,-0.013712618052667547
2026-05-11,-0.0012626705737772692,-0.006951360678874141,-0.005925976787467646,0.002277585595431564,0.035346173729486674
2026-05-12,0.007243389265544797,0.016266682942708277,-0.01184998450308139,-0.0015149399914519135,0.0063469281852877035
2026-05-13,0.013805995565634221,-0.015186318579967661,-0.006278043082047158,0.005594848036780231,0.006240504976167571
2026-05-14,-0.00220833028705536,-0.0011323774784034457,0.010414356283638071,0.007894256268722755,0.007983012925278699
2026-05-15,0.0067738157309671365,-0.0070021208958457315,0.03050587640227831,-0.012029351892724582,0.0406589665169379
2026-05-18,-0.007960612067346995,0.009804954338914929,0.003839578748650485,-0.0007034356211904624,0.016274109384609492
2026-05-19,0.003793999787491842,-0.016725962143916306,-0.014449626938935034,-0.006660859382243145,0.012835675045705486
2026-05-20,0.0005017021636684049,0.012282679659978202,-0.008432800100657833,0.0053834684586662185,-0.012033275142480315
