Date,AAPL,JPM,MSFT,SPY,XOM
2020-01-02,72.3338623046875,118.43031311035156,152.1584014892578,296.8880920410156,52.947025299072266
2020-01-03,71.63064575195312,116.86746978759766,150.26377868652344,294.6401062011719,52.521358489990234
2020-01-06,72.201416015625,116.77454376220703,150.6521759033203,295.7641296386719,52.924617767333984
2020-01-07,71.86185455322266,114.789306640625,149.27850341796875,294.9325256347656,52.49149703979492
2020-01-08,73.01783752441406,115.6847915649414,151.65631103515625,296.50439453125,51.69990921020508
2020-01-09,74.56877136230469,116.10718536376953,153.5509490966797,298.514892578125,52.095699310302734
2020-01-10,74.73736572265625,114.9498291015625,152.84046936035156,297.65582275390625,51.6326904296875
2020-01-13,76.33407592773438,115.90443420410156,154.6782684326172,299.7029113769531,52.12557601928711
2020-01-14,75.30332946777344,117.256103515625,153.58888244628906,299.2459716796875,51.67750549316406
2020-01-15,74.98062896728516,115.4989242553711,154.58355712890625,299.9222412109375,51.5953483581543
2020-01-16,75.91984558105469,115.94666290283203,157.41600036621094,302.4170837402344,51.39371871948242
2020-01-17,76.7603530883789,116.74919891357422,158.2970733642578,303.3583679199219,51.19955825805664
2020-01-21,76.24017333984375,115.60030364990234,157.72860717773438,302.7642517089844,50.46770095825195
2020-01-22,76.51232147216797,115.46513366699219,156.97076416015625,302.8009033203125,50.17646026611328
2020-01-23,76.88078308105469,115.34684753417969,157.93704223632812,303.14813232421875,49.86281204223633
2020-01-24,76.6592025756836,112.48303985595703,156.34555053710938,300.45220947265625,49.52675247192383
2020-01-27,74.40502166748047,111.5368881225586,153.73094177246094,295.63616943359375,48.346839904785156
2020-01-28,76.5098876953125,113.56437683105469,156.74343872070312,298.7342529296875,48.27962875366211
2020-01-29,78.11144256591797,113.39542388916016,159.18748474121094,298.4873962402344,47.876373291015625
2020-01-30,77.99822235107422,114.79776000976562,163.67779541015625,299.4561462402344,48.38418197631836
2020-01-31,74.53988647460938,111.81566619873047,161.2621612548828,294.0186767578125,46.390262603759766
2020-02-03,74.33515930175781,112.66889953613281,165.1935272216797,296.2027893066406,45.35224151611328
2020-02-04,76.78924560546875,114.29088592529297,170.63108825683594,300.71728515625,44.78467559814453
2020-02-05,77.41543579101562,116.23385620117188,170.4227294921875,304.1899719238281,46.84580612182617
2020-02-06,78.32096862792969,116.25079345703125,173.95619201660156,305.2135925292969,46.211036682128906
2020-02-07,77.25635528564453,115.87907409667969,174.20249938964844,303.5868835449219,45.90484619140625
2020-02-10,77.62329864501953,116.360595703125,178.7591094970703,305.8531799316406,45.4200439453125
2020-02-11,77.15496063232422,116.58023834228516,174.72352600097656,306.3832702636719,45.85182189941406
2020-02-12,78.98722839355469,116.58023834228516,174.97933959960938,308.3572998046875,46.41238021850586
2020-02-13,78.42473602294922,116.47889709472656,174.031982421875,308.02825927734375,46.154823303222656
2020-02-14,78.44408416748047,116.12408447265625,175.5855712890625,308.521728515625,45.94272994995117
2020-02-18,77.00770568847656,114.5865707397461,177.3666229248047,307.7266540527344,45.35944366455078
2020-02-19,78.12300872802734,116.14940643310547,177.89852905273438,309.1979675292969,45.70790100097656
2020-02-20,77.32154846191406,116.14940643310547,175.18177795410156,307.92767333984375,45.344295501708984
2020-02-21,75.57135772705078,114.73015594482422,169.64382934570312,304.7566833496094,44.791324615478516
2020-02-24,71.9816665649414,111.6467056274414,162.32952880859375,294.6492004394531,42.693031311035156
2020-02-25,69.54351043701172,106.66249084472656,159.6508026123047,285.7206726074219,41.056819915771484
2020-02-26,70.64673614501953,106.98348999023438,161.6456298828125,284.66973876953125,40.15537643432617
2020-02-27,66.02867889404297,102.53147888183594,150.2562255859375,271.8847961425781,37.73893737792969
2020-02-28,65.99005889892578,98.0879135131836,153.89437866210938,270.742431640625,38.96610641479492
2020-03-02,72.13378143310547,102.65819549560547,164.13436889648438,282.4673767089844,40.81440734863281
2020-03-03,69.84284973144531,98.80598449707031,156.26910400390625,274.3796081542969,38.86004638671875
2020-03-04,73.08248138427734,101.24742889404297,162.00656127929688,285.9126892089844,39.70845031738281
2020-03-05,70.7119140625,96.28006744384766,157.94094848632812,276.4083557128906,37.95861053466797
2020-03-06,69.77284240722656,91.3042984008789,153.47642517089844,271.83905029296875,36.125450134277344
2020-03-09,64.25437927246094,78.93665313720703,143.07493591308594,250.6099395751953,31.709203720092773
2020-03-10,68.88207244873047,85.06978607177734,152.8589630126953,263.5777282714844,32.88332748413086
2020-03-11,66.48976135253906,81.06552124023438,145.9341583251953,250.7287139892578,31.800094604492188
2020-03-12,59.9235954284668,74.38327026367188,132.0940704345703,226.73968505859375,28.164064407348633
2020-03-13,67.10295104980469,87.78156280517578,150.87367248535156,246.12278747558594,28.876115798950195
2020-03-16,58.470340728759766,74.64513397216797,128.6363525390625,219.19117736816406,26.126371383666992
2020-03-17,61.04128646850586,79.20697784423828,139.22781372070312,231.0257568359375,27.883787155151367
2020-03-18,59.5469970703125,70.86896514892578,133.36688232421875,219.3282470703125,25.088590621948242
2020-03-19,59.090755462646484,72.06011962890625,135.56118774414062,219.7943115234375,26.0809268951416
2020-03-20,55.33933639526367,70.53950500488281,130.46969604492188,210.3224334716797,24.800745010375977
2020-03-23,54.1637077331543,66.76331329345703,129.1682891845703,204.9449005126953,23.823558807373047
2020-03-24,59.59769821166992,74.70427703857422,140.9091796875,223.5135498046875,26.84600830078125
2020-03-25,59.26939010620117,77.49207305908203,139.56028747558594,226.85960388183594,28.24738883972168
2020-03-26,62.38832092285156,82.89027404785156,148.28993225097656,240.10581970214844,29.406370162963867
2020-03-27,59.80530548095703,76.98519897460938,142.20101928710938,232.9541473388672,27.98984146118164
2020-03-30,61.512027740478516,78.98733520507812,152.20350646972656,240.51956176757812,28.406471252441406
2020-03-31,61.38649368286133,76.05594635009766,149.80978393554688,236.93450927734375,28.76249885559082
2020-04-01,58.156517028808594,71.26600646972656,144.49034118652344,226.27125549316406,28.42919158935547
2020-04-02,59.1269645690918,73.92709350585938,147.4824981689453,231.49258422851562,30.603242874145508
2020-04-03,58.277225494384766,71.74197387695312,146.1241455078125,228.14654541015625,29.70179557800293
2020-04-06,63.36117172241211,76.35972595214844,156.99105834960938,243.4702606201172,30.656265258789062
2020-04-07,62.6273078918457,77.366943359375,155.30026245117188,243.71849060058594,31.23954200744629
2020-04-08,64.23021697998047,80.49099731445312,156.8580780029297,251.89979553222656,33.21662902832031
2020-04-09,64.6937255859375,87.7121353149414,156.8675994873047,255.7329864501953,32.67121887207031
2020-04-13,65.96350860595703,83.81135559082031,157.21902465820312,253.39813232421875,32.39094924926758
2020-04-14,69.29486846923828,81.5152587890625,164.99876403808594,260.8715515136719,32.140968322753906
2020-04-15,68.66240692138672,77.4949951171875,163.2699432373047,255.32852172851562,30.66383934020996
2020-04-16,69.20796966552734,74.54165649414062,168.17144775390625,256.56036376953125,29.656354904174805
2020-04-17,68.2689208984375,81.24211120605469,169.65330505371094,263.49139404296875,32.739402770996094
2020-04-20,66.85186004638672,78.28025817871094,166.2906494140625,258.8492126464844,31.194103240966797
2020-04-21,64.78545379638672,76.0097885131836,159.41331481933594,250.98968505859375,31.02743148803711
2020-04-22,66.65149688720703,76.2573013305664,164.82778930664062,256.56036376953125,31.913713455200195
2020-04-23,66.39320373535156,76.29999542236328,162.8329620361328,256.5419006347656,32.913631439208984
2020-04-24,68.3099594116211,77.42668914794922,165.80621337890625,260.1177673339844,33.125732421875
2020-04-27,68.35823059082031,80.76410675048828,165.33123779296875,263.8681640625,33.28480529785156
2020-04-28,67.25016784667969,81.33601379394531,161.3036346435547,262.65484619140625,34.065040588378906
2020-04-29,69.45904541015625,83.52967071533203,168.54196166992188,269.53076171875,35.951236724853516
2020-04-30,70.9243392944336,81.73722076416016,170.23280334472656,267.0212707519531,35.2012939453125
2020-05-01,69.78250885009766,79.59474182128906,165.82521057128906,259.95233154296875,32.67879867553711
2020-05-04,70.76985168457031,78.64728546142578,169.8813018798828,260.6693115234375,33.99686813354492
2020-05-05,71.83203887939453,78.52779388427734,171.70510864257812,263.0777282714844,33.95899200439453
2020-05-06,72.5731201171875,77.0511245727539,173.3959503173828,261.2943420410156,33.32268142700195
2020-05-07,73.32389831542969,77.85348510742188,174.40289306640625,264.44732666015625,33.51205062866211
2020-05-08,75.06912994384766,79.12528228759766,175.42874145507812,268.82293701171875,34.98161315917969
2020-05-11,76.2503662109375,76.7950668334961,177.3855438232422,268.878173828125,34.648311614990234
2020-05-12,75.37896728515625,74.28558349609375,173.36744689941406,263.5190124511719,34.06916809082031
2020-05-13,74.46882629394531,71.7248764038086,170.7456817626953,258.8583679199219,32.37806701660156
2020-05-14,74.92630767822266,74.70382690429688,171.4866485595703,261.9561767578125,32.66377639770508
2020-05-15,74.48333740234375,73.3210678100586,173.98492431640625,263.16033935546875,32.432125091552734
2020-05-18,76.23827362060547,77.20478057861328,175.647216796875,271.17620849609375,35.0112419128418
2020-05-19,75.79773712158203,75.6854248046875,174.4313201904297,268.3910217285156,33.930171966552734
2020-05-20,77.2718505859375,77.95589447021484,176.85081481933594,272.95037841796875,35.0344123840332
2020-05-21,76.6957778930664,76.96575927734375,174.7266387939453,271.06591796875,34.408931732177734
2020-05-22,77.1895751953125,76.36829376220703,174.80282592773438,271.5806579589844,34.439815521240234
2020-05-26,76.66670989990234,81.78841400146484,172.95489501953125,274.9267272949219,35.45139694213867
2020-05-27,77.00076293945312,86.52568054199219,173.18348693847656,279.017333984375,35.706214904785156
2020-05-28,77.03463745117188,85.23680877685547,172.79293823242188,278.5025939941406,34.77959060668945
2020-05-29,76.95960998535156,83.06021118164062,174.55519104003906,279.7435607910156,35.111637115478516
2020-06-01,77.9060287475586,84.16131591796875,174.15509033203125,280.8742370605469,35.73710250854492
2020-06-02,78.26668548583984,84.4429702758789,176.13641357421875,283.19989013671875,36.532466888427734
2020-06-03,78.69755554199219,89.00102233886719,176.56507873535156,286.96881103515625,38.02279281616211
2020-06-04,78.01982116699219,90.85323333740234,174.2408447265625,286.21502685546875,37.9146842956543
2020-06-05,80.24189758300781,94.94181060791016,178.3177032470703,293.5505676269531,40.9880256652832
2020-06-08,80.7163314819336,96.83672332763672,179.42269897460938,297.0988464355469,42.26987075805664
2020-06-09,83.26519012451172,94.35285186767578,180.79441833496094,294.8834533691406,41.327781677246094
2020-06-10,85.40738677978516,90.52889251708984,187.5003662109375,293.23809814453125,39.11159896850586
2020-06-11,81.30691528320312,82.97484588623047,177.431884765625,276.3331298828125,35.65988540649414
2020-06-12,82.0089111328125,85.24533081054688,178.8321533203125,279.6424560546875,36.42435836791992
2020-06-15,83.02313995361328,86.42324829101562,179.97520446777344,282.2530822753906,36.40119934082031
2020-06-16,85.22341918945312,87.1146240234375,184.38552856445312,287.685791015625,37.21971893310547
2020-06-17,85.10481262207031,84.91242980957031,185.02377319335938,286.49078369140625,36.00738525390625
2020-06-18,85.13870239257812,84.45152282714844,187.00502014160156,286.60101318359375,36.2313117980957
2020-06-19,84.65216064453125,83.48698425292969,185.89053344726562,284.96319580078125,35.50545120239258
2020-06-22,86.86698150634766,82.58221435546875,191.0533905029297,286.79119873046875,35.845211029052734
2020-06-23,88.72114562988281,83.58942413330078,192.32981872558594,288.1116027832031,36.06142807006836
2020-06-24,87.1550064086914,80.79827117919922,188.4529266357422,280.76220703125,34.362606048583984
2020-06-25,88.31207275390625,83.61503601074219,190.83428955078125,283.7720947265625,34.87997817993164
2020-06-26,85.5986328125,79.0313949584961,187.01458740234375,277.03216552734375,33.68307113647461
2020-06-29,87.57136535644531,79.38136291503906,189.0244598388672,281.1037902832031,34.22361755371094
2020-06-30,88.30238342285156,80.2861557006836,193.85389709472656,284.7047119140625,34.532493591308594
2020-07-01,88.13538360595703,79.60326385498047,194.9874267578125,286.69891357421875,33.75257110595703
2020-07-02,88.13538360595703,79.86184692382812,196.47340393066406,288.27777099609375,34.03828430175781
2020-07-06,90.4930191040039,81.87865447998047,200.70272827148438,292.72796630859375,34.277671813964844
2020-07-07,90.21222686767578,79.56880950927734,198.3689422607422,289.7088623046875,33.389644622802734
2020-07-08,92.3132553100586,80.41344451904297,202.73167419433594,291.9247131347656,33.31242370605469
2020-07-09,92.7102279663086,78.67243957519531,204.1510009765625,290.2629089355469,31.937917709350586
2020-07-10,92.87242889404297,82.97321319580078,203.53179931640625,293.2265930175781,32.934051513671875
2020-07-13,92.44400024414062,84.16262817382812,197.24496459960938,290.6875915527344,32.94176483154297
2020-07-14,93.97377014160156,84.64525604248047,198.46424865722656,294.4546203613281,34.03056335449219
2020-07-15,94.62007904052734,85.95535278320312,198.16897583007812,297.1597595214844,34.462982177734375
2020-07-16,93.4557876586914,86.19666290283203,194.24440002441406,296.1811218261719,34.19271469116211
2020-07-17,93.2669677734375,84.60218048095703,193.2538299560547,297.03973388671875,33.60585021972656
2020-07-20,95.23249053955078,83.86096954345703,201.56004333496094,299.44024658203125,32.81822204589844
2020-07-21,93.91810607910156,85.67953491210938,198.8452606201172,300.0774230957031,34.478431701660156
2020-07-22,94.18194580078125,85.05897521972656,201.70289611816406,301.7855224609375,33.67535400390625
2020-07-23,89.89512634277344,85.30892181396484,192.929931640625,298.1846923828125,33.74485397338867
2020-07-24,89.67243194580078,84.70561218261719,191.74876403808594,296.26422119140625,33.53635787963867
2020-07-27,91.79769134521484,83.5162124633789,194.17776489257812,298.42474365234375,34.03056335449219
2020-07-28,90.2896728515625,83.8781967163086,192.43460083007812,296.531982421875,33.62902069091797
2020-07-29,92.02039337158203,85.91226196289062,194.3778076171875,300.1789855957031,33.99967575073242
2020-07-30,93.13383483886719,83.61964416503906,194.22537231445312,299.10797119140625,32.33173751831055
2020-07-31,102.88389587402344,83.29212188720703,195.28268432617188,301.4715881347656,32.4939079284668
2020-08-03,105.47633361816406,82.82671356201172,206.26564025878906,303.56744384765625,32.62517166137695
2020-08-04,106.18071746826172,82.35269927978516,203.16986083984375,304.739990234375,33.56724166870117
2020-08-05,106.56558227539062,83.78339385986328,202.8364715576172,306.6326599121094,33.86068344116211
2020-08-06,110.2835693359375,83.80925750732422,206.0846405029297,308.6824035644531,33.698516845703125
2020-08-07,107.77621459960938,85.6536865234375,202.39828491210938,308.90399169921875,33.54407501220703
2020-08-10,109.34271240234375,86.73966217041016,198.3689422607422,309.8273010253906,34.37032699584961
2020-08-11,106.09086608886719,89.48043823242188,193.73004150390625,307.269775390625,34.72554016113281
2020-08-12,109.6167221069336,88.72198486328125,199.26434326171875,311.5538330078125,34.71765899658203
2020-08-13,111.5566635131836,88.23069763183594,198.79766845703125,310.99072265625,33.86723327636719
2020-08-14,111.45722961425781,88.26518249511719,198.98814392089844,310.9999084472656,34.0168571472168
2020-08-17,111.166259765625,85.93810272216797,200.3026580810547,311.9878234863281,33.57589340209961
2020-08-18,112.09257507324219,84.7400894165039,201.4552764892578,312.6617126464844,33.41053009033203
2020-08-19,112.23323059082031,84.9383316040039,200.2330780029297,311.35992431640625,33.04043960571289
2020-08-20,114.7236328125,83.92130279541016,204.89271545410156,312.3294372558594,32.53647994995117
2020-08-21,120.6356201171875,83.8781967163086,203.40313720703125,313.43731689453125,32.292388916015625
2020-08-24,122.07846069335938,86.23975372314453,204.04295349121094,316.6135559082031,33.24517822265625
2020-08-25,121.07695007324219,86.61898040771484,206.6973876953125,317.7214660644531,32.190025329589844
2020-08-26,122.7234878540039,85.40373229980469,211.1661376953125,320.90673828125,31.504959106445312
2020-08-27,121.25640869140625,88.21346282958984,216.3510284423828,321.6083984375,31.29235076904297
2020-08-28,121.05998229980469,88.57545471191406,218.57579040527344,323.6858825683594,32.040409088134766
2020-08-31,125.1653823852539,86.35181427001953,215.34841918945312,322.5131530761719,31.449838638305664
2020-09-01,130.15106201171875,86.30870819091797,217.0098419189453,325.5508728027344,31.048250198364258
2020-09-02,127.45452117919922,87.61016082763672,221.19210815429688,330.2595520019531,30.859270095825195
2020-09-03,117.25039672851562,87.33435821533203,207.4899444580078,318.89398193359375,30.796266555786133
2020-09-04,117.32801055908203,89.22183990478516,204.5776824951172,316.2903747558594,30.772655487060547
2020-09-08,109.43241882324219,86.11911010742188,193.5108642578125,307.64837646484375,30.063966751098633
2020-09-09,113.79730224609375,86.9378890991211,201.75125122070312,313.7235107421875,29.88286018371582
2020-09-10,110.08230590820312,86.0415267944336,196.0985107421875,308.2762145996094,29.134796142578125
2020-09-11,108.63704681396484,87.11026763916016,194.81900024414062,308.4331359863281,29.056066513061523
2020-09-14,111.89615631103516,88.31690216064453,196.13673400878906,312.49566650390625,28.867080688476562
2020-09-15,112.07076263427734,85.56749725341797,199.35459899902344,314.07440185546875,28.559982299804688
2020-09-16,108.76313781738281,85.92945861816406,195.79296875,312.8280334472656,29.772628784179688
2020-09-17,107.0268783569336,84.94692993164062,193.74960327148438,310.0765380859375,29.76474952697754
2020-09-18,103.6319808959961,84.76592254638672,191.34336853027344,306.5068359375,29.28441619873047
2020-09-21,106.77470397949219,82.14584350585938,193.39627075195312,303.0954895019531,28.685970306396484
2020-09-22,108.4527359008789,81.24945831298828,198.0559539794922,306.18231201171875,27.97728729248047
2020-09-23,103.9035873413086,79.93080139160156,191.53433227539062,299.0816650390625,27.079614639282227
2020-09-24,104.9705581665039,79.86184692382812,194.01693725585938,299.87884521484375,27.02449607849121
2020-09-25,108.90864562988281,80.55998229980469,198.43792724609375,304.72698974609375,27.276472091674805
2020-09-28,111.5081558227539,82.87842559814453,199.9848175048828,309.7882385253906,27.804052352905273
2020-09-29,110.6642837524414,82.18031311035156,197.90321350097656,308.10113525390625,26.992998123168945
2020-09-30,112.3326416015625,82.97321319580078,200.83462524414062,310.43719482421875,27.03237533569336
2020-10-01,113.28324127197266,83.57656860351562,202.8684539794922,312.4302062988281,26.087461471557617
2020-10-02,109.62642669677734,84.36949157714844,196.88150024414062,309.4638366699219,25.969345092773438
2020-10-05,113.00191497802734,86.1527328491211,200.88235473632812,314.95159912109375,26.567794799804688
2020-10-06,109.76222229003906,85.26545715332031,196.6141815185547,310.4742431640625,26.29218864440918
2020-10-07,111.62455749511719,86.75296020507812,200.357177734375,315.8785400390625,26.378808975219727
2020-10-08,111.51787567138672,88.53617858886719,201.07334899902344,318.6780090332031,27.764678955078125
2020-10-09,113.45782470703125,88.03166961669922,206.06719970703125,321.52386474609375,27.355215072631836
2020-10-12,120.66473388671875,89.11032104492188,211.40480041503906,326.69647216796875,27.268604278564453
2020-10-13,117.46381378173828,87.66632843017578,212.79898071289062,324.5643615722656,26.945755004882812
2020-10-14,117.55110931396484,87.17919158935547,210.8892059326172,322.5250549316406,26.890644073486328
2020-10-15,117.08551788330078,88.48401641845703,209.743408203125,322.12640380859375,27.126869201660156
2020-10-16,115.44625091552734,88.30133056640625,209.743408203125,321.9317626953125,26.85126304626465
2020-10-19,112.49755096435547,86.81385040283203,204.54896545410156,317.0373229980469,26.315813064575195
2020-10-20,113.98161315917969,87.30966186523438,204.95956420898438,318.30731201171875,26.536293029785156
2020-10-21,113.36083984375,86.43980407714844,205.10284423828125,317.7047424316406,26.111080169677734
2020-10-22,112.27444458007812,89.49305725097656,205.18875122070312,319.4474182128906,27.4497127532959
2020-10-23,111.58576202392578,90.30204772949219,206.46824645996094,320.5321044921875,26.898513793945312
2020-10-26,111.59547424316406,88.06646728515625,200.59591674804688,314.6086120605469,26.260696411132812
2020-10-27,113.09892272949219,86.40499877929688,203.62278747558594,313.5240783691406,25.843360900878906
2020-10-28,107.86106872558594,83.97803497314453,193.5299835205078,302.8080139160156,24.859073638916016
2020-10-29,111.85736083984375,84.52606201171875,195.47787475585938,305.8857116699219,25.961475372314453
2020-10-30,105.5913314819336,85.28285217285156,193.32943725585938,302.6968994140625,25.685874938964844
2020-11-02,105.50402069091797,87.20528411865234,193.1957550048828,306.0896301269531,26.764652252197266
2020-11-03,107.12388610839844,89.95413208007812,197.11068725585938,311.4939880371094,26.307937622070312
2020-11-04,111.49846649169922,87.20528411865234,206.62098693847656,318.45562744140625,26.166202545166016
2020-11-05,115.45597076416016,90.77179718017578,213.2095184326172,324.66632080078125,26.118953704833984
2020-11-06,115.32478332519531,89.56266021728516,213.6201171875,324.59210205078125,25.811859130859375
2020-11-09,113.0219955444336,101.68875885009766,208.5307159423828,328.6708984375,29.079689025878906
2020-11-10,112.6819076538086,101.35820007324219,201.48390197753906,328.18890380859375,29.724815368652344
2020-11-11,116.10211181640625,99.8446273803711,206.77381896972656,330.6269226074219,29.418384552001953
2020-11-12,115.83004760742188,98.61811828613281,205.71392822265625,327.4195251464844,28.410354614257812
2020-11-13,115.8786392211914,99.23568725585938,206.73562622070312,331.9524841308594,29.095809936523438
2020-11-16,116.88916015625,102.03671264648438,207.423095703125,336.0960693359375,30.773170471191406
2020-11-17,116.00492858886719,101.00155639648438,204.77813720703125,334.2884826660156,31.18445587158203
2020-11-18,114.68350219726562,100.25346374511719,202.07838439941406,330.2652893066406,30.007078170776367
2020-11-19,115.27619934082031,100.52312469482422,203.3612518310547,331.65582275390625,30.160295486450195
2020-11-20,114.01306915283203,99.66194152832031,201.41783142089844,329.3846435546875,29.789335250854492
2020-11-23,110.62201690673828,102.53253936767578,201.14976501464844,331.3591003417969,31.740882873535156
2020-11-24,111.90460968017578,107.27336120605469,204.73983764648438,336.6986083984375,33.853721618652344
2020-11-25,112.7402114868164,106.15121459960938,204.74945068359375,336.17950439453125,32.91020202636719
2020-11-27,113.28431701660156,105.44661712646484,206.05140686035156,337.1158142089844,32.410213470458984
2020-11-30,115.6745834350586,102.5412368774414,204.94090270996094,335.6232604980469,30.748973846435547
2020-12-01,119.24052429199219,104.15919494628906,206.9896697998047,339.294189453125,31.04735565185547
2020-12-02,119.59031677246094,106.15992736816406,206.18548583984375,340.0079345703125,32.208614349365234
2020-12-03,119.45429229736328,105.46402740478516,205.1036376953125,339.91522216796875,32.42634201049805
2020-12-04,118.78385925292969,106.4208984375,205.2185516357422,342.844482421875,33.61180114746094
2020-12-07,120.24134063720703,106.02075958251953,205.15147399902344,342.1399841308594,32.982784271240234
2020-12-08,120.85344696044922,106.1251449584961,206.7981414794922,343.14117431640625,34.063385009765625
2020-12-09,118.32718658447266,105.2987289428711,202.76768493652344,340.0635986328125,34.514976501464844
2020-12-10,119.74577331542969,104.6202392578125,201.54232788085938,339.952392578125,35.490760803222656
2020-12-11,118.9393310546875,104.00264739990234,204.16543579101562,339.5536804199219,35.321414947509766
2020-12-14,118.32718658447266,102.9065933227539,205.06539916992188,338.0334167480469,34.047271728515625
2020-12-15,124.25422668457031,104.66374969482422,204.9983367919922,342.6034851074219,34.708526611328125
2020-12-16,124.18621826171875,104.96820831298828,209.9287109375,343.14117431640625,35.24076461791992
2020-12-17,125.05098724365234,104.09832763671875,210.0627899169922,345.0599670410156,35.0633544921875
2020-12-18,123.06880950927734,103.58507537841797,209.26808166503906,343.6821594238281,34.45853805541992
2020-12-21,124.59429931640625,107.47344970703125,213.0975799560547,342.45330810546875,33.82952880859375
2020-12-22,128.14080810546875,105.83806610107422,214.38999938964844,341.876220703125,33.2569694519043
2020-12-23,127.24688720703125,108.79564666748047,211.5945281982422,342.1833190917969,33.684364318847656
2020-12-24,128.228271484375,108.31721496582031,213.25074768066406,343.5146179199219,33.54727554321289
2020-12-28,132.814453125,109.03052520751953,215.3665313720703,346.4657287597656,33.66017532348633
2020-12-29,131.0460205078125,108.74346160888672,214.59103393554688,345.8047180175781,33.28115463256836
2020-12-30,129.9286346435547,109.04792022705078,212.22634887695312,346.298095703125,33.54727554321289
2020-12-31,128.92788696289062,110.53543853759766,212.9348602294922,348.0575866699219,33.2408332824707
2021-01-04,125.74085998535156,109.49156188964844,208.4065399169922,343.31915283203125,33.46664047241211
2021-01-05,127.29547882080078,110.08734893798828,208.60755920410156,345.6836853027344,35.0794792175293
2021-01-06,123.0105209350586,115.25657653808594,203.19854736328125,347.75030517578125,35.97461700439453
2021-01-07,127.20802307128906,119.04151153564453,208.9809112548828,352.9170837402344,36.256866455078125
2021-01-08,128.30601501464844,119.17294311523438,210.2542266845703,354.92791748046875,36.66007614135742
2021-01-11,125.3230209350586,120.95149230957031,208.21507263183594,352.5353698730469,37.772945404052734
2021-01-12,125.14813995361328,122.85272216796875,205.76425170898438,352.6098327636719,38.611629486083984
2021-01-13,127.17887878417969,122.96662902832031,207.11410522460938,353.5594787597656,39.04708480834961
2021-01-14,125.25504302978516,123.68506622314453,203.9356689453125,352.3211975097656,40.57124328613281
2021-01-15,123.53520965576172,121.4684066772461,203.58143615722656,349.7518310546875,38.619686126708984
2021-01-19,124.20565032958984,120.9427719116211,207.20985412597656,352.4981994628906,39.38579559326172
2021-01-20,128.2865753173828,119.1291275024414,214.77293395996094,357.376220703125,39.942230224609375
2021-01-21,132.98931884765625,118.13037109375,215.37603759765625,357.7020568847656,38.797096252441406
2021-01-22,135.1269989013672,117.21913146972656,216.31430053710938,356.4359436035156,38.248741149902344
2021-01-25,138.8677978515625,115.75596618652344,219.74159240722656,357.84173583984375,37.82133102416992
2021-01-26,139.10101318359375,115.28285217285156,222.42222595214844,357.2831726074219,36.99071502685547
2021-01-27,138.0322265625,112.02361297607422,222.9678955078125,348.55096435546875,36.571372985839844
2021-01-28,133.20309448242188,113.99494171142578,228.74072265625,351.5486145019531,37.1439323425293
2021-01-29,128.2185821533203,112.7332763671875,222.06796264648438,344.5107727050781,36.16009521484375
2021-02-01,130.3367462158203,113.56562805175781,229.43003845214844,350.2452697753906,36.224605560302734
2021-02-02,131.1626434326172,117.06143951416016,229.2959747314453,355.1978454589844,36.79716491699219
2021-02-03,130.1424102783203,118.40192413330078,232.6371612548828,355.4771728515625,38.24068069458008
2021-02-04,133.49456787109375,121.1267318725586,231.6893768310547,359.5173645019531,38.97451400756836
2021-02-05,133.08103942871094,120.89017486572266,231.87132263183594,360.9324035644531,40.28092575073242
2021-02-08,133.2270050048828,122.78264617919922,232.1298065185547,363.53900146484375,42.014739990234375
2021-02-09,132.35118103027344,122.2920150756836,233.3743438720703,363.2969055175781,41.522666931152344
2021-02-10,131.7478790283203,122.36212921142578,232.46487426757812,363.1387023925781,41.92453384399414
2021-02-11,131.494873046875,122.02037048339844,234.06362915039062,363.7252197265625,40.87477111816406
2021-02-12,131.72840881347656,123.75518035888672,234.54229736328125,365.52191162109375,41.432456970214844
2021-02-16,129.6070556640625,126.73403930664062,233.3073272705078,365.205322265625,42.679039001464844
2021-02-17,127.32022857666016,127.1283187866211,234.32449340820312,365.2892150878906,43.34333801269531
2021-02-18,126.22068786621094,127.55762481689453,233.9310302734375,363.7344970703125,42.66263198852539
2021-02-19,126.37637329101562,129.68667602539062,231.22509765625,363.0921325683594,42.94967269897461
2021-02-22,122.61048126220703,130.9044952392578,225.0263214111328,360.2993469238281,44.53250503540039
2021-02-23,122.4742431640625,131.95590209960938,223.83648681640625,360.7369079589844,45.14760208129883
2021-02-24,121.97798156738281,134.2776336669922,225.06468200683594,364.7119445800781,46.500797271728516
2021-02-25,117.7352523803711,132.45530700683594,219.7295684814453,355.9239501953125,45.72987747192383
2021-02-26,117.99798583984375,128.9419403076172,222.98248291015625,354.09002685546875,44.58991622924805
2021-03-01,124.35232543945312,131.8594970703125,227.35804748535156,362.6732177734375,46.254764556884766
2021-03-02,121.75416564941406,131.43016052246094,224.41221618652344,359.8431701660156,45.98411560058594
2021-03-03,118.7764663696289,133.97100830078125,218.35739135742188,355.0767822265625,46.35317611694336
2021-03-04,116.89838409423828,131.91204833984375,217.56092834472656,350.6827697753906,48.14923858642578
2021-03-05,118.15367889404297,132.2187042236328,222.23399353027344,357.1341857910156,49.96989822387695
2021-03-08,113.22980499267578,133.97100830078125,218.19427490234375,355.3560791015625,49.920692443847656
2021-03-09,117.83256530761719,133.02476501464844,224.32582092285156,360.42974853515625,49.14978790283203
2021-03-10,116.75244140625,135.916015625,223.0208282470703,362.6732177734375,50.6588020324707
2021-03-11,118.67914581298828,135.2063751220703,227.54037475585938,366.3504333496094,50.281551361083984
2021-03-12,117.7741928100586,136.80967712402344,226.21615600585938,366.84381103515625,50.82283020019531
2021-03-15,120.654541015625,136.1262969970703,225.31417846679688,369.0314636230469,49.52703857421875
2021-03-16,122.1920394897461,134.4967041015625,228.096923828125,368.5660400390625,48.4772834777832
2021-03-17,121.40384674072266,135.88096618652344,227.45399475097656,369.8228454589844,48.690513610839844
2021-03-18,117.28761291503906,138.12388610839844,221.38955688476562,364.44207763671875,46.59101104736328
2021-03-19,116.76214599609375,135.92478942871094,221.0345916748047,363.76763916015625,46.32856750488281
2021-03-22,120.0706787109375,132.2712860107422,226.4464569091797,366.6723937988281,45.8529052734375
2021-03-23,119.24354553222656,130.94830322265625,227.97215270996094,363.786376953125,45.28702163696289
2021-03-24,116.85945892333984,131.96458435058594,225.9379119873047,361.9370422363281,46.20554733276367
2021-03-25,117.34601593017578,133.65560913085938,222.94407653808594,363.97320556640625,46.0743408203125
2021-03-26,117.94933319091797,135.88096618652344,226.9166717529297,369.83856201171875,47.32912063598633
2021-03-29,118.12449645996094,133.76943969726562,225.726806640625,369.65179443359375,47.07487869262695
2021-03-30,116.67460632324219,135.34649658203125,222.4739227294922,368.671142578125,46.492584228515625
2021-03-31,118.8640365600586,133.375244140625,226.23536682128906,370.1654052734375,45.78729248046875
2021-04-01,119.691162109375,134.67193603515625,232.54931640625,374.1628112792969,47.06667709350586
2021-04-05,122.51318359375,135.38577270507812,238.99754333496094,379.53326416015625,46.33677673339844
2021-04-06,122.81482696533203,134.4339141845703,237.83644104003906,379.3092041015625,46.20554733276367
2021-04-07,124.45935821533203,136.540283203125,239.7939453125,379.7481384277344,46.41057586669922
2021-04-08,126.85321807861328,136.70773315429688,243.00848388671875,381.55072021484375,45.92671203613281
2021-04-09,129.42213439941406,137.73008728027344,245.50332641601562,384.3246765136719,45.82009506225586
2021-04-12,127.70952606201172,137.43919372558594,245.56089782714844,384.4648132324219,45.51664733886719
2021-04-13,130.81370544433594,135.79998779296875,248.03660583496094,385.6042175292969,45.68886184692383
2021-04-14,128.47828674316406,133.2618408203125,245.2538299560547,384.2873229980469,47.0092658996582
2021-04-15,130.88177490234375,134.1078643798828,249.00572204589844,388.4154968261719,46.73042678833008
2021-04-16,130.5509490966797,135.10372924804688,250.19554138183594,389.7137756347656,46.467994689941406
2021-04-19,131.21267700195312,134.5308837890625,248.2764434814453,387.79901123046875,46.32037353515625
2021-04-20,129.52923583984375,131.55209350585938,247.81590270996094,384.9598388671875,45.34442138671875
2021-04-21,129.90878295898438,132.67135620117188,250.04205322265625,388.602294921875,45.92671203613281
2021-04-22,128.39071655273438,129.8776092529297,246.76992797851562,385.0531921386719,45.328025817871094
2021-04-23,130.70668029785156,132.3629150390625,250.5889892578125,389.22808837890625,45.574066162109375
2021-04-26,131.0959014892578,132.68898010253906,250.97283935546875,390.0406494140625,45.664268493652344
2021-04-27,130.7747802734375,133.29708862304688,251.3758087158203,389.95654296875,46.26296615600586
2021-04-28,129.986572265625,134.16078186035156,244.26548767089844,389.84454345703125,47.657169342041016
2021-04-29,129.88926696777344,136.76939392089844,242.29837036132812,392.3288879394531,48.33786392211914
2021-04-30,127.92357635498047,135.55322265625,241.9817352294922,389.7511291503906,46.94366455078125
2021-05-03,128.9745330810547,135.15664672851562,241.67469787597656,390.5916442871094,48.239444732666016
2021-05-04,124.41071319580078,137.02496337890625,237.7692413330078,388.18206787109375,48.54289245605469
2021-05-05,124.65399169921875,138.82286071777344,236.50265502929688,388.3033752441406,50.00271224975586
2021-05-06,126.24989318847656,141.61654663085938,239.6308135986328,391.40423583984375,50.478370666503906
2021-05-07,126.92247772216797,142.10128784179688,242.25042724609375,394.2528381347656,51.20008087158203
2021-05-10,123.64726257324219,142.08367919921875,237.18392944335938,390.348876953125,51.3231086730957
2021-05-11,122.73100280761719,139.72177124023438,236.27236938476562,386.8650817871094,49.69105911254883
2021-05-12,119.67030334472656,138.76113891601562,229.33474731445312,378.64593505859375,49.95732498168945
2021-05-13,121.81474304199219,142.3303985595703,233.20176696777344,383.19451904296875,49.34158706665039
2021-05-14,124.23213195800781,144.54251098632812,238.11471557617188,389.07861328125,50.56473159790039
2021-05-17,123.08192443847656,145.1241455078125,235.2648468017578,388.0886535644531,51.74626541137695
2021-05-18,121.6977767944336,143.07955932617188,233.249755859375,384.744873046875,50.28183364868164
2021-05-19,121.54182434082031,141.98672485351562,233.8268280029297,383.7362060546875,49.07533264160156
2021-05-20,124.09567260742188,141.73995971679688,237.05836486816406,387.86444091796875,48.958839416503906
2021-05-21,122.26314544677734,143.35275268554688,235.7984619140625,387.5469055175781,49.02540588378906
2021-05-24,123.8909683227539,144.12828063964844,241.1940155029297,391.4975891113281,49.59952926635742
2021-05-25,123.69602966308594,142.63888549804688,242.09811401367188,390.6290588378906,48.47624206542969
2021-05-26,123.64726257324219,142.6212921142578,241.87684631347656,391.40423583984375,49.042057037353516
2021-05-27,122.1169204711914,144.8421630859375,239.78021240234375,391.6097717285156,48.725860595703125
2021-05-28,121.46382904052734,144.74520874023438,240.1360626220703,392.3102722167969,48.567771911621094
2021-06-01,121.14217376708984,146.34036254882812,237.94322204589844,391.9646301269531,50.30678939819336
2021-06-02,121.9024658203125,146.34918212890625,237.84707641601562,392.5810852050781,50.70619201660156
2021-06-03,120.42085266113281,146.44607543945312,236.31784057617188,391.1239929199219,50.905879974365234
2021-06-04,122.7115249633789,146.68406677246094,241.20361328125,394.701171875,51.13054275512695
2021-06-07,122.72128295898438,145.99668884277344,244.1082000732422,394.3182067871094,50.797706604003906
2021-06-08,123.5400619506836,145.41500854492188,242.9155731201172,394.40234375,51.696346282958984
2021-06-09,123.92020416259766,143.5994873046875,243.8966064453125,393.8139343261719,52.1290168762207
2021-06-10,122.92597961425781,141.3610076904297,247.40707397460938,395.6445007324219,52.21222686767578
2021-06-11,124.13465881347656,141.26405334472656,248.03224182128906,396.2983093261719,51.7296257019043
2021-06-14,127.18563842773438,138.8668975830078,249.95578002929688,397.1855773925781,51.646419525146484
2021-06-15,126.36682891845703,136.76060485839844,248.48422241210938,396.4571228027344,53.526893615722656
2021-06-16,126.86395263671875,137.72120666503906,247.54176330566406,394.2435302734375,53.33551788330078
2021-06-17,128.4625701904297,133.74655151367188,250.92721557617188,394.1127624511719,51.57985305786133
2021-06-18,127.16613006591797,130.3623504638672,249.51341247558594,388.7960510253906,50.25687026977539
2021-06-21,128.95968627929688,132.57440185546875,252.591064453125,394.3620300292969,52.079097747802734
2021-06-22,130.59725952148438,132.38050842285156,255.3609161376953,396.4703674316406,53.07758331298828
2021-06-23,130.3243408203125,133.1825408935547,255.130126953125,395.9925231933594,53.468650817871094
2021-06-24,130.04164123535156,134.40748596191406,256.49591064453125,398.3351135253906,53.68498992919922
2021-06-25,129.74925231933594,135.76473999023438,254.8896942138672,399.75,53.80146408081055
2021-06-28,131.37704467773438,136.01150512695312,258.4482116699219,400.5558776855469,52.42856216430664
2021-06-29,132.88790893554688,135.8440704345703,261.0258483886719,400.7713623046875,52.10405349731445
2021-06-30,133.50204467773438,137.0778350830078,260.544921875,401.10870361328125,52.48680114746094
2021-07-01,133.80419921875,138.43507385253906,261.21820068359375,403.3295593261719,52.636573791503906
2021-07-02,136.42630004882812,138.30210876464844,267.03692626953125,406.4123840332031,52.56169891357422
2021-07-06,138.4342803955078,135.9798126220703,267.0465087890625,405.672119140625,51.06397247314453
2021-07-07,140.9198760986328,136.13934326171875,269.229736328125,407.1058044433594,50.26518630981445
2021-07-08,139.62347412109375,133.7904510498047,266.815673828125,403.7886962890625,50.04053497314453
2021-07-09,141.44627380371094,138.07168579101562,267.31585693359375,408.0990905761719,50.94748306274414
2021-07-12,140.85165405273438,140.04830932617188,266.71954345703125,409.5608215332031,50.897560119628906
2021-07-13,141.9628448486328,137.96530151367188,270.23968505859375,408.16455078125,50.6562614440918
2021-07-14,145.38421630859375,137.49549865722656,271.71124267578125,408.77374267578125,49.53296661376953
2021-07-15,144.73118591308594,137.796875,270.2877502441406,407.3774719238281,49.05036544799805
2021-07-16,142.69393920898438,134.65025329589844,270.01837158203125,404.1822509765625,47.6941032409668
2021-07-19,138.8533935546875,130.27151489257812,266.4213562011719,398.2132568359375,46.054927825927734
2021-07-20,142.46002197265625,132.7001953125,268.64312744140625,403.9198303222656,46.5624885559082
2021-07-21,141.7289276123047,135.49224853515625,270.6435546875,407.19012451171875,48.06020736694336
2021-07-22,143.09356689453125,133.7815704345703,275.202392578125,408.0428771972656,47.51936721801758
2021-07-23,144.80911254882812,133.52452087402344,278.59747314453125,412.24072265625,47.46112823486328
2021-07-26,145.22830200195312,134.4197235107422,278.0010986328125,413.2527770996094,48.6592903137207
2021-07-27,143.0643768310547,134.24249267578125,275.58709716796875,411.3691711425781,48.11845397949219
2021-07-28,141.31948852539062,134.46409606933594,275.2792663574219,411.2005920410156,48.442962646484375
2021-07-29,141.9628448486328,135.61634826660156,275.54864501953125,412.9060363769531,49.03373336791992
2021-07-30,142.17730712890625,134.5349884033203,274.0194396972656,410.9007873535156,47.9021110534668
2021-08-02,141.84588623046875,133.9943084716797,273.93280029296875,410.0387268066406,47.910438537597656
2021-08-03,143.63946533203125,135.5188751220703,276.1449279785156,413.3746032714844,48.42631530761719
2021-08-04,143.23980712890625,134.056396484375,275.5582580566406,411.3411865234375,47.29470443725586
2021-08-05,143.3470001220703,135.7493438720703,278.45318603515625,413.9461364746094,47.594261169433594
2021-08-06,142.66366577148438,139.6051025390625,278.3955383300781,414.6301574707031,48.14341735839844
2021-08-09,142.61488342285156,139.45440673828125,277.3087158203125,414.2928466796875,47.594261169433594
2021-08-10,142.1365203857422,141.16513061523438,275.49090576171875,414.8082275390625,48.40968322753906
2021-08-11,142.39031982421875,142.84925842285156,275.98138427734375,415.83892822265625,48.55112838745117
2021-08-12,145.34825134277344,143.4076690673828,278.7320251464844,417.0852355957031,48.441322326660156
2021-08-13,145.55328369140625,141.8033447265625,281.6559143066406,417.84429931640625,47.951419830322266
2021-08-16,147.5251922607422,140.87261962890625,283.3389587402344,418.8281555175781,47.2503547668457
2021-08-17,146.61734008789062,139.1707763671875,281.8770751953125,416.0826110839844,46.92938232421875
2021-08-18,142.8784637451172,137.9032745361328,280.15228271484375,411.52862548828125,45.941123962402344
2021-08-19,143.21034240722656,136.7509765625,285.9724426269531,412.1657409667969,44.53899002075195
2021-08-20,144.66490173339844,137.1409454345703,293.286376953125,415.44537353515625,44.54743957519531
2021-08-23,146.1487579345703,138.89599609375,293.5658264160156,419.099853515625,46.38035202026367
2021-08-24,146.0608367919922,139.75576782226562,291.609619140625,419.7651062011719,46.76045227050781
2021-08-25,144.83082580566406,142.6365203857422,291.02178955078125,420.64599609375,46.844913482666016
2021-08-26,144.03033447265625,143.37220764160156,288.2080993652344,418.162841796875,46.21141815185547
2021-08-27,145.06512451171875,144.5245361328125,288.815185546875,421.9015808105469,47.10676193237305
2021-08-30,149.4775848388672,142.21107482910156,292.5442810058594,423.7569580078125,46.59151840209961
2021-08-31,148.21835327148438,141.77670288085938,290.8966064453125,423.1290588378906,46.050933837890625
2021-09-01,148.88214111328125,141.5728759765625,290.8484191894531,423.35400390625,45.41743850708008
2021-09-02,149.9949951171875,142.2288055419922,290.1930847167969,424.656494140625,46.52394485473633
2021-09-03,150.62954711914062,141.36900329589844,290.1834716796875,424.5534362792969,46.34656524658203
2021-09-07,152.96275329589844,141.1208038330078,289.25836181640625,423.0353698730469,46.07627868652344
2021-09-08,151.42025756835938,140.491455078125,289.2872619628906,422.5200500488281,45.65393829345703
2021-09-09,150.40501403808594,141.10311889648438,286.43499755859375,420.7116394042969,45.68772888183594
2021-09-10,145.42637634277344,139.48097229003906,284.9510803222656,417.39447021484375,45.59482192993164
2021-09-13,145.99253845214844,141.69696044921875,286.1844482421875,418.4627380371094,46.768890380859375
2021-09-14,144.59654235839844,139.2239532470703,288.8825988769531,416.20440673828125,46.101619720458984
2021-09-15,145.48492431640625,140.19015502929688,293.7296447753906,419.68084716796875,47.655792236328125
2021-09-16,145.25062561035156,140.12806701660156,294.1150207519531,419.01556396484375,47.148990631103516
2021-09-17,142.5855712890625,139.76461791992188,288.9596862792969,414.93389892578125,46.59151840209961
2021-09-20,139.53977966308594,135.5808868408203,283.59228515625,408.0151672363281,45.349857330322266
2021-09-21,140.0181121826172,135.5986328125,284.0741882324219,407.62982177734375,45.30763244628906
2021-09-22,142.38059997558594,138.19577026367188,287.7165832519531,411.60614013671875,46.63375473022461
2021-09-23,143.3372802734375,142.86695861816406,288.6609802246094,416.6072082519531,48.21327590942383
2021-09-24,143.42510986328125,144.51564025878906,288.4586181640625,417.29339599609375,48.64404296875
2021-09-27,141.91197204589844,148.0080108642578,283.46710205078125,416.0995178222656,50.08841323852539
2021-09-28,138.5343017578125,147.21023559570312,273.20458984375,407.7143859863281,50.61210250854492
2021-09-29,139.43238830566406,147.0950164794922,273.6671142578125,408.400634765625,50.578311920166016
2021-09-30,138.13406372070312,145.09181213378906,271.662841796875,403.40899658203125,49.6829719543457
2021-10-01,139.2566680908203,148.1409454345703,278.58148193359375,408.2032165527344,51.465206146240234
2021-10-04,135.83018493652344,147.98143005371094,272.8095397949219,402.9389953613281,52.13249588012695
2021-10-05,137.75331115722656,150.39801025390625,278.2539367675781,407.131591796875,52.04803466796875
2021-10-06,138.6221466064453,150.71897888183594,282.44561767578125,408.8236389160156,51.09355926513672
2021-10-07,139.88145446777344,151.67312622070312,284.12225341796875,412.358154296875,51.237152099609375
2021-10-08,139.500732421875,151.78904724121094,284.12225341796875,411.60614013671875,52.521034240722656
2021-10-11,139.4128875732422,148.59669494628906,283.52490234375,408.6261901855469,51.99735641479492
2021-10-12,138.14381408691406,147.45530700683594,282.2239990234375,407.6203918457031,51.72705078125
2021-10-13,137.55812072753906,143.5673370361328,285.52923583984375,409.0867919921875,51.583465576171875
2021-10-14,140.3402862548828,145.76988220214844,291.7348327636719,415.9679260253906,52.36899948120117
2021-10-15,141.3946075439453,148.56991577148438,293.141845703125,419.1358642578125,52.86735534667969
2021-10-18,143.06390380859375,148.5164337158203,296.1097717285156,420.3767395019531,52.842018127441406
2021-10-19,145.2213592529297,150.3177032470703,297.0154724121094,423.61993408203125,53.635990142822266
2021-10-20,145.70945739746094,152.3419189453125,296.225341796875,425.2837829589844,53.93162155151367
2021-10-21,145.92422485351562,151.14700317382812,299.4534912109375,426.3929443359375,52.95181655883789
2021-10-22,145.15306091308594,153.18014526367188,297.9117126464844,425.9512023925781,53.31501388549805
2021-10-25,145.10418701171875,152.43113708496094,296.9192199707031,428.2355041503906,54.353946685791016
2021-10-26,145.7680206298828,152.8412628173828,298.82708740234375,428.62091064453125,55.61249923706055
2021-10-27,145.30918884277344,149.6578369140625,311.41192626953125,426.7220458984375,54.168128967285156
2021-10-28,148.9407196044922,151.9138946533203,312.54901123046875,430.83941650390625,54.320159912109375
2021-10-29,146.23660278320312,151.49478149414062,319.5544738769531,431.71368408203125,54.45531463623047
2021-11-01,145.41659545898438,151.41453552246094,317.3863220214844,432.45623779296875,55.435123443603516
2021-11-02,146.4513702392578,152.01199340820312,321.00958251953125,434.2047424316406,54.75094985961914
2021-11-03,147.88638305664062,152.06546020507812,321.84796142578125,436.8556213378906,53.99919891357422
2021-11-04,147.36900329589844,150.06802368164062,324.19915771484375,438.9142761230469,54.404632568359375
2021-11-05,147.89694213867188,149.85400390625,323.83294677734375,440.43719482421875,54.91987991333008
2021-11-08,147.07569885253906,150.75462341308594,324.7290954589844,440.8132019042969,55.511138916015625
2021-11-09,147.4374237060547,149.61325073242188,323.7269592285156,439.3561706542969,56.05173110961914
2021-11-10,144.61212158203125,149.47061157226562,318.7642822265625,435.82159423828125,54.947471618652344
2021-11-11,144.563232421875,149.46163940429688,320.3350830078125,435.9625549316406,55.0501823425293
2021-11-12,146.63577270507812,148.7928466796875,324.4689636230469,439.2528076171875,54.630741119384766
2021-11-15,146.64553833007812,148.52537536621094,323.8426513671875,439.40313720703125,55.1015510559082
2021-11-16,147.62318420410156,147.45530700683594,327.157470703125,441.1422424316406,55.657958984375
2021-11-17,150.05751037597656,146.66163635253906,327.3795471191406,440.0705871582031,55.0501823425293
2021-11-18,154.33958435058594,145.39540100097656,329.455078125,441.5652770996094,54.45098114013672
2021-11-19,156.95962524414062,143.4960174560547,331.2313537597656,440.7756042480469,51.934303283691406
2021-11-22,157.4191436767578,146.55467224121094,328.0649719238281,439.5347595214844,52.653343200683594
2021-11-23,157.80039978027344,150.05909729003906,325.9892883300781,440.1175537109375,54.04008865356445
2021-11-24,158.31858825683594,148.88201904296875,326.21142578125,441.2925720214844,54.339691162109375
2021-11-26,153.3032989501953,144.39666748046875,318.2663269042969,431.4504699707031,52.43077850341797
2021-11-29,156.65655517578125,143.77243041992188,324.9756774902344,436.74285888671875,52.721839904785156
2021-11-30,161.60342407226562,141.63233947753906,319.144775390625,428.2449035644531,51.223812103271484
2021-12-01,161.0852508544922,140.79409790039062,318.6524353027344,423.48828125,51.18100357055664
2021-12-02,160.0978546142578,143.754638671875,318.0828857421875,429.9745178222656,52.45646667480469
2021-12-03,158.22076416015625,141.1508026123047,311.8272705078125,426.233154296875,52.12262725830078
2021-12-06,161.62295532226562,142.8183135986328,314.8971252441406,431.2812194824219,52.71328353881836
2021-12-07,167.35191345214844,144.96737670898438,323.32489013671875,440.2021484375,53.30392837524414
2021-12-08,171.16468811035156,143.3087615966797,323.37322998046875,441.3677673339844,53.458003997802734
2021-12-09,170.6562957763672,143.08587646484375,321.56793212890625,438.3879089355469,53.594974517822266
2021-12-10,175.43698120117188,142.51516723632812,330.68109130859375,442.51470947265625,53.93737030029297
2021-12-13,171.8099365234375,140.82089233398438,327.6497497558594,438.5947265625,52.75607681274414
2021-12-14,170.4314727783203,141.8998565673828,316.9726867675781,435.5771789550781,52.67903137207031
2021-12-15,175.2903289794922,140.83868408203125,323.0642395019531,442.3831481933594,52.44791030883789
2021-12-16,168.40774536132812,143.04129028320312,313.65179443359375,438.4819030761719,52.533512115478516
2021-12-17,167.3127899169922,139.78646850585938,312.58990478515625,433.815185546875,51.386444091796875
2021-12-20,165.95391845703125,137.2718048095703,308.83453369140625,429.2022399902344,50.6417236328125
2021-12-21,169.12142944335938,139.1890106201172,315.9590759277344,436.8244323730469,51.78878402709961
2021-12-22,171.71218872070312,139.7329559326172,321.6644287109375,441.192138671875,52.20823287963867
2021-12-23,172.33786010742188,140.2323455810547,323.10284423828125,443.9373474121094,52.23390579223633
2021-12-27,176.29730224609375,141.03489685058594,330.5941467285156,450.21990966796875,52.97863006591797
2021-12-28,175.28054809570312,141.46286010742188,329.4356689453125,449.85198974609375,52.80743408203125
2021-12-29,175.36856079101562,141.39157104492188,330.1114807128906,450.4274597167969,52.345184326171875
2021-12-30,174.21493530273438,141.32022094726562,327.57257080078125,449.1822509765625,52.03702163696289
2021-12-31,173.59902954101562,141.2042999267578,324.6764221191406,448.05029296875,52.37942886352539
2022-01-03,177.939697265625,144.19158935546875,323.1607971191406,450.6444396972656,54.39105987548828
2022-01-04,175.68138122558594,149.6578369140625,317.61944580078125,450.4935302734375,56.43692398071289
2022-01-05,171.00831604003906,146.9217987060547,305.4267578125,441.843017578125,57.138858795166016
2022-01-06,168.15357971191406,148.48269653320312,303.0133056640625,441.427978515625,58.48281478881836
2022-01-07,168.31976318359375,149.953857421875,303.16778564453125,439.6827392578125,58.962158203125
2022-01-10,168.3392791748047,150.097412109375,303.3897705078125,439.13568115234375,58.611209869384766
2022-01-11,171.16468811035156,150.2499237060547,304.07525634765625,443.13543701171875,61.07653045654297
2022-01-12,171.60464477539062,151.1020965576172,307.25128173828125,444.3334655761719,60.89677047729492
2022-01-13,168.3392791748047,150.91372680664062,294.2476806640625,438.2112121582031,60.46019744873047
2022-01-14,169.19967651367188,141.6380615234375,299.460693359375,438.3904113769531,61.52165222167969
2022-01-18,166.0028076171875,135.699462890625,292.1720886230469,430.6266784667969,62.55742645263672
2022-01-19,162.51263427734375,133.60031127929688,292.8285827636719,426.1553039550781,62.58310317993164
2022-01-20,160.83108520507812,132.4610595703125,291.1584777832031,421.4385681152344,62.72006607055664
2022-01-21,158.7780303955078,130.14663696289062,285.7812805175781,413.16546630859375,61.7784538269043
2022-01-24,158.00567626953125,130.02999877929688,286.1094665527344,414.91998291015625,62.30918502807617
2022-01-25,156.2068328857422,131.44732666015625,278.5023193359375,409.85430908203125,64.14104461669922
2022-01-26,156.11883544921875,132.6942596435547,286.4377746582031,408.8260498046875,63.49047088623047
2022-01-27,155.65936279296875,130.3529510498047,289.45941162109375,406.8072509765625,64.30369567871094
2022-01-28,166.52090454101562,131.5191192626953,297.587890625,416.91046142578125,64.4406509399414
2022-01-31,170.8714141845703,133.3043212890625,300.2137451171875,424.41949462890625,65.02274322509766
2022-02-01,170.70523071289062,135.591796875,298.070556640625,427.28729248046875,69.19151306152344
2022-02-02,171.9076690673828,134.50640869140625,302.60784912109375,431.4379577636719,69.01176452636719
2022-02-03,169.03347778320312,133.39401245117188,290.820556640625,421.2970886230469,68.20709228515625
2022-02-04,168.74957275390625,136.85667419433594,295.34820556640625,423.27813720703125,69.6880111694336
2022-02-07,168.0349884033203,137.314208984375,290.5309753417969,421.919677734375,70.52690124511719
2022-02-08,171.13804626464844,139.8977508544922,294.0159912109375,425.39117431640625,68.70359802246094
2022-02-09,172.5574493408203,140.48085021972656,300.43572998046875,431.61724853515625,68.37471008300781
2022-02-10,168.4853057861328,139.8977508544922,291.9114074707031,423.8629455566406,67.71692657470703
2022-02-11,165.0787811279297,138.07667541503906,284.8255920410156,415.50494384765625,69.42195892333984
2022-02-14,165.3136749267578,136.79388427734375,284.7869567871094,414.146484375,68.35740661621094
2022-02-15,169.14112854003906,138.79434204101562,290.0675048828125,420.825439453125,67.50054931640625
2022-02-16,168.90618896484375,139.0455322265625,289.72900390625,421.2970886230469,67.81211853027344
2022-02-17,165.3136749267578,135.8429718017578,281.24517822265625,412.2975769042969,67.70828247070312
2022-02-18,163.76707458496094,136.4799346923828,278.53643798828125,409.6278991699219,66.95527648925781
2022-02-22,160.84999084472656,136.23773193359375,278.3332824707031,405.2319030761719,66.17633056640625
2022-02-23,156.68978881835938,133.38502502441406,271.1263427734375,398.04364013671875,66.44462585449219
2022-02-24,159.30335998535156,129.67112731933594,284.9791259765625,404.0338439941406,65.6051025390625
2022-02-25,161.36880493164062,132.7391357421875,287.6103820800781,412.9484558105469,67.37071228027344
2022-02-28,161.63308715820312,127.2042007446289,289.04217529296875,411.89190673828125,67.87271118164062
2022-03-01,159.753662109375,122.4049301147461,285.32745361328125,405.61865234375,68.52184295654297
2022-03-02,163.0426788330078,124.9436264038086,290.3965148925781,413.08050537109375,69.69891357421875
2022-03-03,162.7196807861328,124.05552673339844,286.26580810546875,411.0240478515625,70.14033508300781
2022-03-04,159.72430419921875,120.56592559814453,280.4034729003906,407.6846008300781,72.78011322021484
2022-03-07,155.93601989746094,115.91015625,269.8107604980469,395.6664123535156,75.40260314941406
2022-03-08,154.1152801513672,115.09381866455078,266.8505859375,392.6665954589844,75.97382354736328
2022-03-09,159.50894165039062,119.70472717285156,279.0879211425781,403.19427490234375,71.65496063232422
2022-03-10,155.17250061035156,118.28739166259766,276.2728576660156,401.3736572265625,73.87931060791016
2022-03-11,151.46250915527344,115.62307739257812,270.9328918457031,396.2701416015625,73.49848175048828
2022-03-14,147.43930053710938,116.77133178710938,267.42132568359375,393.37408447265625,70.86735534667969
2022-03-15,151.81488037109375,118.84355163574219,277.78192138671875,402.0245361328125,66.83411407470703
2022-03-16,156.2198944091797,124.15420532226562,284.78570556640625,410.9391174316406,66.58311462402344
2022-03-17,157.22813415527344,125.72406768798828,285.588623046875,416.08038330078125,68.35740661621094
2022-03-18,160.5171661376953,125.67919921875,290.6286315917969,420.6375732421875,68.08908081054688
2022-03-21,161.88760375976562,125.27552795410156,289.4001159667969,420.51458740234375,71.1443099975586
2022-03-22,165.25498962402344,127.93985748291016,294.1402282714844,425.4352111816406,70.83273315429688
2022-03-23,166.6156768798828,125.39214324951172,289.71929931640625,419.956298828125,71.94922637939453
2022-03-24,170.39410400390625,126.20848846435547,294.178955078125,426.28680419921875,72.16560363769531
2022-03-25,171.03036499023438,127.31189727783203,293.7725830078125,428.3686828613281,73.74081420898438
2022-03-28,171.8917694091797,126.36994934082031,300.5635986328125,431.4156799316406,71.6722640991211
2022-03-29,175.1808319091797,126.64806365966797,305.1199645996094,436.7525939941406,71.29145050048828
2022-03-30,174.01596069335938,126.07389831542969,303.62042236328125,434.0557556152344,72.51181030273438
2022-03-31,170.9226837158203,122.28829956054688,298.2515563964844,427.37506103515625,71.48185729980469
2022-04-01,170.6289825439453,121.38227844238281,299.3254089355469,428.5863342285156,71.94058990478516
2022-04-04,174.67181396484375,121.9205093383789,304.6943054199219,432.2579040527344,71.97518157958984
2022-04-05,171.36318969726562,120.50166320800781,300.7377014160156,426.7978515625,71.60303497314453
2022-04-06,168.20143127441406,118.82978057861328,289.72900390625,422.5301513671875,72.39930725097656
2022-04-07,168.50486755371094,118.4682846069336,291.5379333496094,424.65924072265625,73.61100769042969
2022-04-08,166.4981689453125,120.63723754882812,287.28155517578125,423.5237121582031,75.1602554321289
2022-04-11,162.2498016357422,120.19439697265625,275.9535217285156,416.2847595214844,72.57240295410156
2022-04-12,164.11944580078125,118.8749771118164,272.85797119140625,414.7423095703125,74.08700561523438
2022-04-13,166.8015899658203,115.043212890625,278.2365417480469,419.49261474609375,75.13428497314453
2022-04-14,161.79954528808594,113.9768295288086,270.70074462890625,414.2691650390625,76.01708221435547
2022-04-18,161.5841827392578,116.09154510498047,271.3681640625,414.4395446777344,76.64026641845703
2022-04-19,163.86495971679688,118.49541473388672,275.99224853515625,421.1296691894531,75.95649719238281
2022-04-20,163.6985626220703,118.91112518310547,277.01763916015625,420.8174133300781,76.1296157836914
2022-04-21,162.9056854248047,117.98931884765625,271.6487121582031,414.5246887207031,75.3246841430664
2022-04-22,158.3734130859375,114.60040283203125,265.0899658203125,403.1504821777344,73.68024444580078
2022-04-25,159.4403839111328,114.5642318725586,271.5617370605469,405.4878234863281,71.19624328613281
2022-04-26,153.48883056640625,111.17530822753906,261.4042663574219,393.7445373535156,71.22221374511719
2022-04-27,153.26368713378906,109.72935485839844,273.9801330566406,394.8516540527344,73.25613403320312
2022-04-28,160.18435668945312,111.46448516845703,280.1809997558594,404.8253479003906,75.47181701660156
2022-04-29,154.32083129882812,107.86770629882812,268.4660339355469,389.86480712890625,73.78410339355469
2022-05-02,154.62428283691406,108.85273742675781,275.1893005371094,392.2114562988281,74.78807830810547
2022-05-03,156.11219787597656,111.18434143066406,272.587158203125,394.0094299316406,76.32867431640625
2022-05-04,162.51406860351562,114.86245727539062,280.51959228515625,406.0082092285156,79.36658477783203
2022-05-05,153.4594268798828,111.9886474609375,268.3016052246094,391.5775146484375,78.16353607177734
2022-05-06,154.18487548828125,111.80792236328125,265.76708984375,389.240234375,79.35794067382812
2022-05-09,149.06759643554688,110.12699890136719,255.94822692871094,376.77783203125,73.10033416748047
2022-05-10,151.46937561035156,107.44295501708984,260.70770263671875,377.6484375,73.58502960205078
2022-05-11,143.61700439453125,106.76515197753906,252.0497283935547,371.6490173339844,75.11697387695312
2022-05-12,139.75453186035156,106.67478942871094,247.01939392089844,371.2609558105469,75.45799255371094
2022-05-13,144.21499633789062,107.62369537353516,252.60118103027344,380.1370849609375,77.69635772705078
2022-05-16,142.67588806152344,106.87361145019531,252.96871948242188,378.5946044921875,79.5237808227539
2022-05-17,146.30311584472656,110.41618347167969,258.11517333984375,386.3825378417969,80.53804779052734
2022-05-18,138.04879760742188,108.52742004394531,246.36328125,370.80682373046875,79.261474609375
2022-05-19,134.64707946777344,106.91878509521484,245.45181274414062,368.5357666015625,79.68992614746094
2022-05-20,134.8823699951172,106.04218292236328,244.88941955566406,368.6966247558594,80.31946563720703
2022-05-23,140.2937469482422,112.60317993164062,252.73373413085938,375.59490966796875,82.09443664550781
2022-05-24,137.59783935546875,114.1937255859375,251.73500061035156,372.72784423828125,82.54036712646484
2022-05-25,137.75469970703125,114.98898315429688,254.54693603515625,376.02081298828125,84.20164489746094
2022-05-26,140.9505157470703,116.97716522216797,257.82427978515625,383.5342102050781,84.49895477294922
2022-05-27,146.69520568847656,118.6309814453125,264.9413757324219,392.9496765136719,85.32958984375
2022-05-31,145.91098022460938,119.49854278564453,263.6129455566406,390.7448425292969,83.9393310546875
2022-06-01,145.78355407714844,117.40192413330078,264.1462707519531,387.584228515625,85.54817199707031
2022-06-02,148.2343292236328,119.29067993164062,266.24066162109375,394.9652404785156,85.39954376220703
2022-06-03,142.51905822753906,117.62783813476562,261.81915283203125,388.48321533203125,86.6411361694336
2022-06-06,143.26405334472656,117.23922729492188,260.587646484375,389.66607666015625,86.42255401611328
2022-06-07,145.78355407714844,117.54652404785156,264.2238464355469,393.4038391113281,90.38345336914062
2022-06-08,145.04827880859375,115.67582702636719,262.19732666015625,389.126708984375,91.45015716552734
2022-06-09,139.83297729492188,113.24480438232422,256.7479553222656,379.87213134765625,89.4740982055664
2022-06-10,134.43138122558594,108.0394058227539,245.30641174316406,368.8575439453125,87.83902740478516
2022-06-13,129.28472900390625,104.82217407226562,234.90223693847656,354.8526916503906,83.80818939208984
2022-06-14,130.1473846435547,103.07798767089844,237.0645294189453,353.78338623046875,84.02677154541016
2022-06-15,132.7648468017578,104.29801177978516,244.1137237548828,358.8269958496094,82.96881103515625
2022-06-16,127.5005111694336,102.50865173339844,237.52996826171875,346.9512634277344,79.90850830078125
2022-06-17,128.9709930419922,102.14717102050781,240.12852478027344,347.69915771484375,75.30058288574219
2022-06-21,133.1961669921875,104.67758178710938,246.0336151123047,356.4520568847656,79.9872055053711
2022-06-22,132.6864013671875,104.09016418457031,245.44210815429688,355.8057861328125,76.8219985961914
2022-06-23,135.54898071289062,102.95146942138672,250.9980926513672,359.2936096191406,74.50489807128906
2022-06-24,138.8722686767578,106.02411651611328,259.5696105957031,370.7169494628906,75.98258972167969
2022-06-27,138.8722686767578,105.17461395263672,256.8449401855469,369.3009338378906,77.84500885009766
2022-06-28,134.73533630371094,104.66854858398438,248.69041442871094,361.7550354003906,80.00468444824219
2022-06-29,136.49005126953125,104.19860076904297,252.35560607910156,361.4604797363281,77.04931640625
2022-06-30,134.02944946289062,101.76759338378906,249.02972412109375,358.5238342285156,74.88088989257812
2022-07-01,136.1959686279297,103.0689697265625,251.69622802734375,362.3157043457031,76.55094909667969
2022-07-05,138.7742156982422,102.67691040039062,254.86691284179688,362.99993896484375,74.15516662597656
2022-07-06,140.10743713378906,102.01136779785156,258.1249084472656,364.2259521484375,72.8173599243164
2022-07-07,143.46995544433594,104.59152221679688,260.2484130859375,369.6810607910156,75.14321899414062
2022-07-08,144.14637756347656,104.26331329345703,259.5307922363281,369.3769226074219,75.2656021118164
2022-07-11,142.0190887451172,102.89573669433594,256.4765319824219,365.15728759765625,74.88088989257812
2022-07-12,142.98960876464844,102.99603271484375,245.96571350097656,361.9261474609375,73.88411712646484
2022-07-13,142.6269073486328,102.02961730957031,245.04458618164062,360.0253601074219,74.18138885498047
2022-07-14,145.54824829101562,98.46480560302734,246.36328125,359.1510009765625,72.69496154785156
2022-07-15,147.2147979736328,102.97779846191406,248.9230499267578,366.0126647949219,73.91907501220703
2022-07-18,144.1758270263672,101.92020416259766,246.52809143066406,362.9905090332031,75.28308868408203
2022-07-19,148.0284423828125,104.44563293457031,251.6477813720703,372.7982482910156,77.18047332763672
2022-07-20,150.02830505371094,104.42739868164062,254.3044891357422,375.17413330078125,78.02862548828125
2022-07-21,152.29286193847656,105.1385498046875,256.7964782714844,378.99462890625,76.72579956054688
2022-07-22,151.05764770507812,104.62799835205078,252.45249938964844,375.4782409667969,76.1399917602539
2022-07-25,149.9400634765625,105.0473861694336,250.96900939941406,375.9344177246094,78.67564392089844
2022-07-26,148.61663818359375,103.40628814697266,244.2494659423828,371.4867858886719,78.36963653564453
2022-07-27,153.70449829101562,105.06560516357422,260.5780334472656,381.1329650878906,80.0658950805664
2022-07-28,154.2534942626953,104.6735610961914,268.0151062011719,385.9132080078125,81.00147247314453
2022-07-29,159.31192016601562,105.17501068115234,272.2135925292969,391.5393981933594,84.75252532958984
2022-08-01,158.33164978027344,104.12654876708984,269.5664978027344,390.37994384765625,82.61031341552734
2022-08-02,156.86111450195312,102.50369262695312,266.473388671875,387.804443359375,82.2518081665039
2022-08-03,162.8607177734375,103.57952880859375,273.8909912109375,393.87725830078125,79.5849838256836
2022-08-04,162.54701232910156,102.43988800048828,275.03521728515625,393.61114501953125,76.23617553710938
2022-08-05,162.3212432861328,105.53968811035156,274.31768798828125,392.9459533691406,77.33785247802734
2022-08-08,161.8500213623047,104.25418090820312,271.8063049316406,392.4897155761719,77.77503204345703
2022-08-09,161.89907836914062,105.1932601928711,273.7261657714844,390.93115234375,79.20901489257812
2022-08-10,166.1399688720703,107.93750762939453,280.3778381347656,399.1422424316406,79.96096801757812
2022-08-11,165.40371704101562,109.5329818725586,278.3028259277344,399.1422424316406,82.2740707397461
2022-08-12,168.9475555419922,111.34730529785156,283.0443420410156,405.89935302734375,82.98920440673828
2022-08-15,170.01760864257812,111.64816284179688,284.5569763183594,407.5718994140625,81.50599670410156
2022-08-16,169.8605499267578,112.7148666381836,283.8200378417969,408.3703308105469,80.74671173095703
2022-08-17,171.3527069091797,111.76667785644531,283.07183837890625,405.4716491699219,81.40003967285156
2022-08-18,170.95999145507812,110.90055084228516,281.954345703125,406.65008544921875,83.32469177246094
2022-08-19,168.37820434570312,108.15631103515625,278.04815673828125,401.1855773925781,83.05982208251953
2022-08-22,164.5005340576172,106.36934661865234,269.885986328125,392.8318786621094,82.99801635742188
2022-08-23,164.1667938232422,105.32089233398438,268.6131286621094,391.8815002441406,86.5206527709961
2022-08-24,164.4613037109375,105.57615661621094,267.98150634765625,393.1359558105469,87.03271484375
2022-08-25,166.9154815673828,108.0833740234375,270.95489501953125,398.6860656738281,87.48296356201172
2022-08-26,160.62290954589844,104.5459213256836,260.4995422363281,385.19097900390625,86.4058837890625
2022-08-29,158.42393493652344,104.29064178466797,257.7204895019531,382.6440124511719,88.39231872558594
2022-08-30,155.9991912841797,104.30888366699219,255.52447509765625,378.443359375,85.02860260009766
2022-08-31,154.3401641845703,103.68893432617188,254.06700134277344,375.56378173828125,84.39293670654297
2022-09-01,155.0665740966797,104.40007019042969,253.0272674560547,376.7422180175781,82.87442016601562
2022-09-02,152.95594787597656,103.67068481445312,248.8101348876953,372.76971435546875,84.39293670654297
2022-09-06,151.6994171142578,103.69802856445312,246.0797119140625,371.3631896972656,83.8279037475586
2022-09-07,153.1031951904297,105.66734313964844,250.78265380859375,378.0347595214844,83.11278533935547
2022-09-08,151.63070678710938,108.12895202636719,251.20046997070312,380.5057067871094,83.79261016845703
2022-09-09,154.48741149902344,108.64862823486328,256.9722595214844,386.41693115234375,85.19635009765625
2022-09-12,160.43637084960938,109.93414306640625,259.100341796875,390.57000732421875,86.17633056640625
2022-09-13,151.0220489501953,106.11406707763672,244.85537719726562,373.5870056152344,84.16339874267578
2022-09-14,152.4651336669922,105.86791229248047,245.07884216308594,375.01263427734375,86.22930908203125
2022-09-15,149.57896423339844,107.46341705322266,238.4325408935547,370.7550048828125,83.72197723388672
2022-09-16,147.9395751953125,106.74314880371094,237.81063842773438,367.926513671875,82.29173278808594
2022-09-19,151.6503448486328,107.7278060913086,237.59689331054688,370.7797546386719,82.28289794921875
2022-09-20,154.02598571777344,105.60353088378906,235.5854949951172,366.52374267578125,81.61192321777344
2022-09-21,150.90423583984375,102.55841064453125,232.1845703125,360.1301574707031,80.29644775390625
2022-09-22,149.9422149658203,101.39141082763672,234.15708923339844,357.1051940917969,79.96097564697266
2022-09-23,147.67449951171875,99.5041732788086,231.18373107910156,351.1219482421875,75.70558166503906
2022-09-26,148.00831604003906,97.36164855957031,230.72705078125,347.6484069824219,74.14290618896484
2022-09-27,148.98016357421875,96.50463104248047,229.7165069580078,346.76092529296875,75.69672393798828
2022-09-28,147.09532165527344,98.45569610595703,234.24456787109375,353.58392333984375,78.45127868652344
2022-09-29,139.87013244628906,96.78726959228516,230.77565002441406,346.1978759765625,78.2923583984375
2022-09-30,135.6685333251953,95.27384185791016,226.30584716796875,340.844482421875,77.08282470703125
2022-10-03,139.84066772460938,98.2186508178711,233.9239044189453,349.84320068359375,81.15283203125
2022-10-04,143.42384338378906,102.81368255615234,241.83346557617188,360.68359375,84.11041259765625
2022-10-05,143.71835327148438,101.54426574707031,242.1443634033203,359.8439025878906,87.50946044921875
2022-10-06,142.76609802246094,99.47457122802734,239.80259704589844,356.13177490234375,90.1050796508789
2022-10-07,137.52392578125,97.48765563964844,227.6079559326172,346.1978759765625,89.19573211669922
2022-10-10,137.8478546142578,96.57696533203125,222.7592010498047,343.5545349121094,87.26226043701172
2022-10-11,136.43426513671875,93.78976440429688,219.02793884277344,341.3788757324219,86.5206527709961
2022-10-12,135.80596923828125,95.30757141113281,219.35829162597656,340.2528076171875,86.9002685546875
2022-10-13,140.3708038330078,100.60599517822266,227.6079559326172,349.232421875,89.93733215332031
2022-10-14,135.84524536132812,102.2801742553711,222.0887451171875,341.27392578125,87.5712661743164
2022-10-17,139.8014373779297,106.57594299316406,230.80474853515625,350.0435791015625,88.8337631225586
2022-10-18,141.11685180664062,109.31714630126953,231.74732971191406,354.1565246582031,88.99266815185547
2022-10-19,141.224853515625,107.1738510131836,229.78453063964844,351.64678955078125,91.63243865966797
2022-10-20,140.7634735107422,106.82431030273438,229.46383666992188,348.6980895996094,91.75602722167969
2022-10-21,144.57240295410156,112.43550109863281,235.26483154296875,357.1719665527344,93.45994567871094
2022-10-24,146.7124481201172,112.57349395751953,240.2495574951172,361.54248046875,94.11328125
2022-10-25,149.5495147705078,112.86783599853516,243.56301879882812,367.3157653808594,93.47760772705078
2022-10-26,146.61428833007812,114.16486358642578,224.7706298828125,364.5483703613281,94.59002685546875
2022-10-27,142.14761352539062,114.61558532714844,220.32998657226562,362.6017150878906,94.95198822021484
2022-10-28,152.88723754882812,115.97700500488281,229.1917724609375,371.2282409667969,97.73301696777344
2022-10-31,150.53118896484375,115.79302215576172,225.5576629638672,368.5467529296875,97.83013153076172
2022-11-01,147.89048767089844,117.8811264038086,221.7097930908203,366.9341125488281,98.80128479003906
2022-11-02,142.37339782714844,116.79566955566406,213.86830139160156,357.72540283203125,96.77069854736328
2022-11-03,136.3361053466797,117.00724792480469,208.18392944335938,354.0419921875,98.08615112304688
2022-11-04,136.07057189941406,120.2083969116211,215.12176513671875,359.13775634765625,99.1544189453125
2022-11-07,136.6015625,120.84307861328125,221.41831970214844,362.5731201171875,100.3286361694336
2022-11-08,137.17190551757812,120.91668701171875,222.38998413085938,364.5292663574219,100.64646911621094
2022-11-09,132.61912536621094,119.34371948242188,218.15342712402344,357.0192565917969,96.14385986328125
2022-11-10,144.4188995361328,124.25580596923828,236.1004638671875,376.63897705078125,97.55643463134766
2022-11-11,147.20167541503906,124.45817565917969,240.11354064941406,380.2842712402344,100.60231018066406
2022-11-14,145.80538940429688,123.17957305908203,234.71096801757812,377.04931640625,100.89602661132812
2022-11-15,147.53599548339844,122.28729248046875,235.1190643310547,380.26513671875,101.5723876953125
2022-11-16,146.3068389892578,122.4528579711914,235.54782104492188,377.3642578125,100.48662567138672
2022-11-17,148.20465087890625,121.91934204101562,235.49908447265625,376.2095642089844,100.6201171875
2022-11-18,148.76512145996094,123.11517333984375,235.0508270263672,377.9176940917969,99.74795532226562
2022-11-21,145.5398406982422,122.38849639892578,235.85964965820312,376.5435485839844,98.76007843017578
2022-11-22,147.67361450195312,124.218994140625,238.76339721679688,381.61065673828125,101.61688232421875
2022-11-23,148.54879760742188,125.54364013671875,241.24818420410156,384.01544189453125,101.10960388183594
2022-11-25,145.63819885253906,125.78282165527344,241.16050720214844,383.9295349121094,100.75361633300781
2022-11-28,141.81314086914062,123.58431243896484,235.5770721435547,377.80316162109375,97.72771453857422
2022-11-29,138.81402587890625,125.6172103881836,234.18360900878906,377.154296875,98.37740325927734
2022-11-30,145.55955505371094,127.10738372802734,248.61485290527344,389.0348815917969,99.08936309814453
2022-12-01,145.8348388671875,125.3228530883789,248.1763458251953,388.74859619140625,98.6087875366211
2022-12-02,145.3431854248047,124.32940673828125,248.4979248046875,388.300048828125,97.772216796875
2022-12-05,144.18292236328125,120.84307861328125,243.8011932373047,381.31488037109375,95.09339141845703
2022-12-06,140.52499389648438,121.04547882080078,238.8511199951172,375.81829833984375,92.4501724243164
2022-12-07,138.58787536621094,120.96268463134766,238.12026977539062,375.178955078125,92.24549865722656
2022-12-08,140.26931762695312,122.23211669921875,241.07281494140625,378.1180725097656,92.93077087402344
2022-12-09,139.78749084472656,121.56978607177734,239.14344787597656,375.2934875488281,92.1476058959961
2022-12-12,142.07864379882812,123.4555435180664,246.05210876464844,380.7041015625,94.41702270507812
2022-12-13,143.0422821044922,123.33594512939453,250.34933471679688,383.58599853515625,95.44938659667969
2022-12-14,140.8199920654297,122.71963500976562,250.64170837402344,381.1335754394531,94.74632263183594
2022-12-15,134.22198486328125,119.67486572265625,242.64161682128906,371.81036376953125,93.83856201171875
2022-12-16,132.26515197753906,118.9297866821289,238.43211364746094,367.4207458496094,93.17997741699219
2022-12-19,130.16091918945312,119.6380615234375,234.30056762695312,364.3050231933594,93.59825134277344
2022-12-20,130.09205627441406,120.21760559082031,235.61605834960938,364.80364990234375,94.95101928710938
2022-12-21,133.18948364257812,121.56978607177734,238.17877197265625,370.25836181640625,96.17025756835938
2022-12-22,130.02320861816406,120.19000244140625,232.0983123779297,364.9761657714844,94.23011016845703
2022-12-23,129.65940856933594,120.76030731201172,232.62452697753906,367.0756530761719,96.7220458984375
2022-12-27,127.85992431640625,121.18345642089844,230.8998260498047,365.6280822753906,98.06591033935547
2022-12-28,123.93653106689453,121.84575653076172,228.531982421875,361.0841369628906,96.45506286621094
2022-12-29,127.44695281982422,122.54488372802734,234.84622192382812,367.5837097167969,97.1848373413086
2022-12-30,127.76158142089844,123.3543472290039,233.68666076660156,366.6155090332031,98.1637954711914
2023-01-03,122.98271179199219,124.2926025390625,233.45281982421875,365.0720520019531,94.79080963134766
2023-01-04,124.25119018554688,125.45166778564453,223.24085998535156,367.8905029296875,95.06670379638672
2023-01-05,122.93354034423828,125.42384338378906,216.62449645996094,363.691650390625,97.19373321533203
2023-01-06,127.45680236816406,127.82389068603516,219.17750549316406,372.0318298339844,98.36848449707031
2023-01-09,127.97795867919922,127.29570770263672,221.3114471435547,371.8209228515625,96.53515625
2023-01-10,128.54824829101562,128.4355010986328,222.99720764160156,374.4283752441406,97.9769058227539
2023-01-11,131.26219177246094,129.3899383544922,229.74024963378906,379.1641540527344,99.1160659790039
2023-01-12,131.18353271484375,129.2602081298828,232.41017150878906,380.5446472167969,100.76252746582031
2023-01-13,132.51100158691406,132.52206420898438,233.11172485351562,382.0210266113281,100.70024108886719
2023-01-17,133.67132568359375,130.47415161132812,234.20310974121094,381.32110595703125,100.5044174194336
2023-01-18,132.95346069335938,126.55435180664062,229.77920532226562,375.30084228515625,98.43970489501953
2023-01-19,133.0124969482422,124.8678207397461,225.9984130859375,372.5686340332031,99.07158660888672
2023-01-20,135.56910705566406,125.17363739013672,234.07643127441406,379.5093078613281,100.87820434570312
2023-01-23,138.7550048828125,127.20305633544922,236.37608337402344,384.0628967285156,100.35311889648438
2023-01-24,140.1513214111328,128.2965087890625,235.84986877441406,383.6506652832031,101.28760528564453
2023-01-25,139.4925079345703,128.9173583984375,234.45645141601562,383.7944641113281,100.75361633300781
2023-01-26,141.5574493408203,129.71429443359375,241.65745544433594,388.012451171875,104.80298614501953
2023-01-27,143.4945831298828,130.0293731689453,241.8134002685547,388.9039611816406,102.8895492553711
2023-01-30,140.6134796142578,128.9266357421875,236.5027313232422,384.0245666503906,101.06511688232422
2023-01-31,141.88192749023438,129.6957550048828,241.47232055664062,389.67095947265625,103.24553680419922
2023-02-01,143.0029296875,129.35287475585938,246.28594970703125,393.812255859375,102.11526489257812
2023-02-02,148.3030242919922,128.7505645751953,257.83294677734375,399.5450134277344,98.92028045654297
2023-02-03,151.92152404785156,130.74288940429688,251.74273681640625,395.2982482910156,99.60555267333984
2023-02-06,149.19776916503906,131.5120086669922,250.20318603515625,392.88238525390625,99.43647766113281
2023-02-07,152.06906127929688,133.1151580810547,260.71728515625,398.020751953125,102.27545166015625
2023-02-08,149.38462829589844,132.17921447753906,259.908447265625,393.6684875488281,101.385498046875
2023-02-09,148.3521270751953,130.1220245361328,256.87799072265625,390.2557373046875,101.76817321777344
2023-02-10,148.71653747558594,130.69656372070312,256.37127685546875,391.1664123535156,106.0578384399414
2023-02-13,151.51341247558594,132.11436462402344,264.3810729980469,395.7583312988281,105.64530944824219
2023-02-14,150.87326049804688,132.6981658935547,265.2093505859375,395.57623291015625,104.40769958496094
2023-02-15,152.97088623046875,133.254150390625,263.0895690917969,396.86077880859375,104.09381103515625
2023-02-16,151.3755340576172,131.41934204101562,256.0854187011719,391.3965148925781,103.78890228271484
2023-02-17,150.23313903808594,131.80853271484375,252.08999633789062,390.4187316894531,99.79805755615234
2023-02-21,146.22494506835938,129.3899383544922,246.82470703125,382.5865173339844,99.69939422607422
2023-02-22,146.64842224121094,128.39840698242188,245.69155883789062,382.059326171875,98.40796661376953
2023-02-23,147.13095092773438,129.42703247070312,248.87611389160156,384.0916442871094,99.31376647949219
2023-02-24,144.4818572998047,130.5946044921875,243.45452880859375,379.988525390625,99.32272338867188
2023-02-27,145.67344665527344,131.73440551757812,244.37278747558594,381.2828063964844,99.14336395263672
2023-02-28,145.1712188720703,132.83712768554688,243.64988708496094,379.87359619140625,98.56940460205078
2023-03-01,143.1030731201172,132.09584045410156,240.57276916503906,378.4163818359375,99.44828796386719
2023-03-02,143.6939697265625,130.72434997558594,245.30079650878906,381.3594970703125,99.90567016601562
2023-03-03,148.73622131347656,133.12442016601562,249.38409423828125,387.47564697265625,101.17018127441406
2023-03-06,151.49371337890625,132.3460235595703,250.92755126953125,387.7440490722656,102.0669937133789
2023-03-07,149.2975616455078,128.45401000976562,248.2704620361328,381.8004150390625,100.093994140625
2023-03-08,150.5482635498047,127.69417572021484,247.83084106445312,382.423583984375,98.63218688964844
2023-03-09,148.30291748046875,120.78123474121094,246.48281860351562,375.3679504394531,97.86988067626953
2023-03-10,146.2446746826172,123.84850311279297,242.83909606933594,369.9516296386719,96.6591796875
2023-03-13,148.1847381591797,121.62452697753906,248.04579162597656,369.4242858886719,95.5471420288086
2023-03-14,150.27252197265625,124.74735260009766,254.75686645507812,375.5308837890625,95.90585327148438
2023-03-15,150.66644287109375,118.85379791259766,259.2992858886719,373.18218994140625,91.13477325439453
2023-03-16,153.48300170898438,121.16118621826172,269.81036376953125,379.729736328125,90.60564422607422
2023-03-17,152.6459197998047,116.58346557617188,272.96563720703125,375.2896728515625,89.5384292602539
2023-03-20,155.0094451904297,117.8159408569336,265.9322509765625,378.8983459472656,91.8791275024414
2023-03-21,156.8609161376953,120.9758529663086,267.44635009765625,383.87347412109375,95.99552154541016
2023-03-22,155.43292236328125,117.8530044555664,265.9908142089844,377.329833984375,93.79832458496094
2023-03-23,156.51622009277344,117.5379409790039,271.23663330078125,378.349853515625,92.74008178710938
2023-03-24,157.8162078857422,115.74948120117188,274.07928466796875,380.83258056640625,92.84770965576172
2023-03-27,155.87611389160156,119.06694030761719,269.9862060546875,381.5446472167969,94.88348388671875
2023-03-28,155.2556915283203,119.42833709716797,268.86279296875,380.688232421875,96.06727600097656
2023-03-29,158.3282928466797,119.66925048828125,274.0206604003906,386.2215270996094,97.71741485595703
2023-03-30,159.8941650390625,119.30786895751953,277.4787292480469,388.4829406738281,98.19274139404297
2023-03-31,162.39553833007812,120.75343322753906,281.63043212890625,393.95843505859375,98.34519958496094
2023-04-03,163.6462860107422,120.61444854736328,280.585205078125,395.4596252441406,104.14761352539062
2023-04-04,163.114501953125,119.00206756591797,280.5363464355469,393.2655944824219,103.15215301513672
2023-04-05,161.27288818359375,119.17951965332031,277.7620544433594,392.2358703613281,104.91889190673828
2023-04-06,162.1592254638672,119.04875946044922,284.8540344238281,393.7659606933594,103.17906188964844
2023-04-10,159.56915283203125,119.44100952148438,282.6951904296875,394.1701354980469,102.72167205810547
2023-04-11,158.3578643798828,120.02940368652344,276.2869873046875,394.2760314941406,103.44810485839844
2023-04-12,157.66848754882812,120.01072692871094,276.9317321777344,392.6689147949219,103.3404769897461
2023-04-13,163.04556274414062,120.46833038330078,283.13482666015625,397.8846740722656,103.82477569580078
2023-04-14,162.7008819580078,129.5648956298828,279.5204162597656,396.9126892089844,104.07587432861328
2023-04-17,162.72055053710938,130.59219360351562,282.1188659667969,398.3369140625,102.86516571044922
2023-04-18,163.94174194335938,132.0584716796875,281.69879150390625,398.59674072265625,104.8740463256836
2023-04-19,165.08409118652344,131.89035034179688,281.7769775390625,398.5294494628906,104.54219818115234
2023-04-20,164.11895751953125,131.50746154785156,279.49102783203125,396.3545227050781,103.70817565917969
2023-04-21,162.51373291015625,131.25527954101562,279.14923095703125,396.66253662109375,104.04000854492188
2023-04-24,162.81900024414062,131.4327392578125,275.2515563964844,397.0763244628906,106.0040283203125
2023-04-25,161.28274536132812,128.5749053955078,269.0484313964844,390.77313232421875,104.49737548828125
2023-04-26,161.27288818359375,126.29608917236328,288.536865234375,389.1180725097656,103.53778839111328
2023-04-27,165.8522491455078,127.9958724975586,297.77801513671875,396.8646545410156,104.77540588378906
2023-04-28,167.10296630859375,129.1072540283203,300.15185546875,400.2519226074219,106.12957763671875
2023-05-01,167.0143280029297,131.87168884277344,298.4911193847656,399.8477783203125,102.8382568359375
2023-05-02,165.98028564453125,129.7423095703125,298.3446044921875,395.3537902832031,98.73979949951172
2023-05-03,164.90684509277344,126.9965591430664,297.3579406738281,392.64007568359375,96.79370880126953
2023-05-04,163.27203369140625,125.25941467285156,298.3446044921875,389.8590393066406,95.09872436523438
2023-05-05,170.93389892578125,127.70635223388672,303.4634094238281,397.0763244628906,97.46630859375
2023-05-08,170.86495971679688,128.01454162597656,301.5096130371094,397.18218994140625,97.8519515991211
2023-05-09,169.16123962402344,127.39815521240234,299.8977966308594,395.44036865234375,97.87886047363281
2023-05-10,170.9240264892578,127.4635238647461,305.0849609375,397.2879638671875,96.62329864501953
2023-05-11,171.11114501953125,127.06190490722656,302.93585205078125,396.59515380859375,94.87451171875
2023-05-12,170.18414306640625,125.24076080322266,301.82220458984375,396.0755310058594,94.86552429199219
2023-05-15,169.6910858154297,126.29608917236328,302.3008728027344,397.4419860839844,95.04645538330078
2023-05-16,169.6910858154297,125.44621276855469,304.52813720703125,394.7860412597656,92.7397232055664
2023-05-17,170.30250549316406,129.30337524414062,307.4064636230469,399.5783386230469,94.82030487060547
2023-05-18,172.6298370361328,130.2840118408203,311.83148193359375,403.42755126953125,95.67967987060547
2023-05-19,172.7383575439453,129.98513793945312,311.6552734375,402.8404846191406,96.12293243408203
2023-05-22,171.79159545898438,128.9111328125,314.4356689453125,403.004150390625,94.95600128173828
2023-05-23,169.1881103515625,127.56623077392578,308.6399841308594,398.4812927246094,96.24958038330078
2023-05-24,169.46426391601562,126.39884948730469,307.25958251953125,395.5943603515625,97.3260498046875
2023-05-25,170.5983428955078,126.70702362060547,319.0761413574219,399.0201416015625,95.5801773071289
2023-05-26,173.00460815429688,127.89311218261719,325.8997802734375,404.1877746582031,94.95600128173828
2023-05-30,174.8487548828125,128.3787841796875,324.25506591796875,404.3417053222656,94.11473083496094
2023-05-31,174.7994384765625,126.744384765625,321.49420166015625,402.099609375,92.43215942382812
2023-06-01,177.60018920898438,128.4908447265625,325.59625244140625,405.91986083984375,93.49958801269531
2023-06-02,178.44830322265625,131.18994140625,328.3570251464844,411.7899475097656,95.67062377929688
2023-06-05,177.09719848632812,129.9010772705078,328.8857116699219,411.0008850097656,95.2454605102539
2023-06-06,176.73236083984375,130.13455200195312,326.673095703125,411.89581298828125,96.0234375
2023-06-07,175.36158752441406,131.39540100097656,316.5894470214844,410.4716491699219,98.17638397216797
2023-06-08,178.07354736328125,131.4327392578125,318.4299621582031,412.954345703125,97.86882019042969
2023-06-09,178.45816040039062,131.69424438476562,319.9278869628906,413.69537353515625,97.14513397216797
2023-06-12,181.24900817871094,131.6848907470703,324.881591796875,417.44830322265625,96.26766204833984
2023-06-13,180.7756805419922,132.63751220703125,327.2704162597656,420.2005615234375,96.28577423095703
2023-06-14,181.40682983398438,132.14254760742188,330.2563171386719,420.700927734375,95.12786865234375
2023-06-15,183.43833923339844,133.6368408203125,340.7904357910156,425.9166564941406,95.78822326660156
2023-06-16,182.36341857910156,133.79559326171875,335.1415100097656,424.46588134765625,95.1007308959961
2023-06-20,182.45216369628906,133.1138458251953,330.9514465332031,422.263671875,92.92064666748047
2023-06-21,181.4167022705078,132.91770935058594,326.5556945800781,420.10003662109375,93.9609375
2023-06-22,184.4146728515625,130.35873413085938,332.57659912109375,421.6165466308594,93.4453125
2023-06-23,184.0990753173828,129.67694091796875,327.9850769042969,418.4290466308594,92.63117218017578
2023-06-26,182.70858764648438,129.99449157714844,321.69989013671875,416.7195129394531,94.34086608886719
2023-06-27,185.45999145507812,130.00381469726562,327.54449462890625,421.28814697265625,94.5760726928711
2023-06-28,186.63356018066406,129.43409729003906,328.797607421875,421.5006103515625,95.34497833251953
2023-06-29,186.96885681152344,133.95436096191406,328.014404296875,423.16192626953125,96.52095031738281
2023-06-30,191.28826904296875,135.8315887451172,333.38909912109375,428.155517578125,97.01847839355469
2023-07-03,189.79917907714844,136.9242706298828,330.8926696777344,428.64813232421875,97.20845794677734
2023-07-05,188.68478393554688,136.0121307373047,331.04931640625,428.0106506347656,96.71092224121094
2023-07-06,189.15814208984375,134.66744995117188,334.10382080078125,424.6590270996094,93.10155487060547
2023-07-07,188.04376220703125,135.73004150390625,330.1387939453125,423.5869445800781,93.31867980957031
2023-07-10,186.0023956298828,136.49172973632812,324.86199951171875,424.6590270996094,94.70271301269531
2023-07-11,185.47975158691406,138.6262969970703,325.48858642578125,427.3635559082031,95.86060333251953
2023-07-12,187.14637756347656,139.31275939941406,330.1192321777344,430.802001953125,96.33099365234375
2023-07-13,187.90570068359375,139.98980712890625,335.4645690917969,434.2212829589844,94.56703186035156
2023-07-14,188.0536346435547,140.83615112304688,337.99041748046875,433.9508056640625,91.31045532226562
2023-07-17,191.30801391601562,144.23081970214844,338.47015380859375,435.45758056640625,91.7084732055664
2023-07-18,191.05162048339844,144.4940948486328,351.9411926269531,438.6933288574219,91.29237365722656
2023-07-19,192.40267944335938,145.04893493652344,347.623779296875,439.6688537597656,91.92559051513672
2023-07-20,190.4598846435547,146.83555603027344,339.586181640625,436.7518615722656,93.5448226928711
2023-07-21,189.286376953125,145.70713806152344,336.55133056640625,436.7518615722656,93.97903442382812
2023-07-24,190.0851593017578,148.57521057128906,337.8631591796875,438.7029724121094,95.45353698730469
2023-07-25,190.943115234375,147.46559143066406,343.6098937988281,439.9006042480469,95.59825897216797
2023-07-26,191.81097412109375,148.34951782226562,330.67730712890625,439.96826171875,95.0645523071289
2023-07-27,190.54867553710938,146.7133331298828,323.77532958984375,437.0513000488281,95.36308288574219
2023-07-28,193.1226043701172,147.5502471923828,331.2646789550781,441.33013916015625,94.22328186035156
2023-07-31,193.7340087890625,148.53762817382812,328.86614990234375,442.17047119140625,97.00942993164062
2023-08-01,192.90562438964844,147.8041229248047,329.27734375,440.9051818847656,96.44860076904297
2023-08-02,189.9175262451172,146.1302947998047,320.6229248046875,434.7718200683594,95.2454605102539
2023-08-03,188.5270233154297,147.02366638183594,319.80059814453125,433.5257568359375,96.90089416503906
2023-08-04,179.47393798828125,146.7133331298828,320.8970947265625,431.5650329589844,97.17227172851562
2023-08-07,176.37734985351562,147.40916442871094,323.1781311035156,435.33203125,96.9732437133789
2023-08-08,177.31419372558594,146.5817108154297,319.20330810546875,433.43890380859375,97.45269775390625
2023-08-09,175.7264862060547,144.6163330078125,315.463623046875,430.541259765625,99.10810852050781
2023-08-10,175.50949096679688,144.40003967285156,316.14892578125,430.69573974609375,99.61469268798828
2023-08-11,175.5687255859375,145.23696899414062,314.26922607421875,430.4446105957031,101.16156768798828
2023-08-14,177.21791076660156,145.5378875732422,317.2356872558594,432.82073974609375,101.24297332763672
2023-08-15,175.23300170898438,141.83291625976562,315.1012878417969,427.7788391113281,98.64373779296875
2023-08-16,174.36398315429688,141.23109436035156,314.33612060546875,424.63970947265625,96.9838638305664
2023-08-17,171.82611083984375,139.76412963867188,310.88275146484375,421.4040222167969,98.86261749267578
2023-08-18,172.30999755859375,140.08384704589844,310.4903564453125,421.6068420410156,100.35832214355469
2023-08-21,173.64309692382812,140.56344604492188,315.78814697265625,424.34991455078125,99.14532470703125
2023-08-22,175.01576232910156,137.64834594726562,316.3571472167969,423.20062255859375,98.58901977539062
2023-08-23,178.85714721679688,138.57928466796875,320.81121826171875,427.9140930175781,97.72257995605469
2023-08-24,174.17636108398438,138.44764709472656,313.9142761230469,421.98358154296875,96.99297332763672
2023-08-25,176.3784942626953,138.27838134765625,316.8673400878906,424.9585266113281,98.72581481933594
2023-08-28,177.9387969970703,138.75794982910156,317.5736999511719,427.65325927734375,99.55575561523438
2023-08-29,181.8196563720703,139.88638305664062,322.1945495605469,433.83489990234375,100.14855194091797
2023-08-30,185.3055419921875,139.32217407226562,322.5673828125,435.621826171875,101.12439727783203
2023-08-31,185.52281188964844,137.601318359375,321.5568542480469,434.98431396484375,101.40713500976562
2023-09-01,187.09295654296875,138.06211853027344,322.4398498535156,435.7956237792969,103.53213500976562
2023-09-05,187.3299560546875,136.53872680664062,327.2373046875,433.91217041015625,103.541259765625
2023-09-06,180.62478637695312,136.31304931640625,326.5799255371094,430.9952392578125,104.43504333496094
2023-09-07,175.34161376953125,135.14703369140625,323.6661682128906,429.6719970703125,103.9242935180664
2023-09-08,175.95387268066406,135.25045776367188,327.9436340332031,430.3190612792969,105.4382553100586
2023-09-11,177.119140625,135.84288024902344,331.5441589355469,433.1491394042969,104.11582946777344
2023-09-12,174.09738159179688,137.6107177734375,325.49090576171875,430.77301025390625,107.15283966064453
2023-09-13,172.0334930419922,137.67657470703125,329.69976806640625,431.27532958984375,106.19522094726562
2023-09-14,173.5443572998047,140.34715270996094,332.2898254394531,434.99395751953125,108.09223175048828
2023-09-15,172.82347106933594,139.9333953857422,323.9703369140625,429.75299072265625,106.4323501586914
2023-09-18,175.74649047851562,140.22491455078125,322.83221435546875,430.0050048828125,107.2896499633789
2023-09-19,176.832763671875,140.0462188720703,322.42999267578125,429.11322021484375,107.00691986083984
2023-09-20,173.29747009277344,139.45384216308594,314.6990966796875,425.1683044433594,106.15875244140625
2023-09-21,171.75697326660156,138.36302185058594,313.4825744628906,418.1409912109375,104.66304016113281
2023-09-22,172.6062469482422,137.03709411621094,311.0103454589844,417.2007141113281,104.82720184326172
2023-09-25,173.88014221191406,137.7141571044922,311.5303039550781,418.9551086425781,106.00370025634766
2023-09-26,169.8115692138672,136.2848358154297,306.2324523925781,412.8001708984375,106.1678695678711
2023-09-27,168.30068969726562,137.08413696289062,306.87017822265625,412.96490478515625,109.62440490722656
2023-09-28,168.55746459960938,138.7861785888672,307.7041015625,415.3591003417969,108.9586410522461
2023-09-29,169.0709686279297,136.3694610595703,309.774169921875,414.35101318359375,107.23493957519531
2023-10-02,171.57919311523438,135.19406127929688,315.7096252441406,414.1862487792969,105.45649719238281
2023-10-03,170.24610900878906,134.197265625,307.4588928222656,408.64190673828125,105.63890075683594
2023-10-04,171.4903564453125,134.79908752441406,312.92340087890625,411.6176452636719,101.68986511230469
2023-10-05,172.7247314453125,135.36744689941406,313.3158264160156,411.4624938964844,99.40069580078125
2023-10-06,175.27249145507812,137.4515380859375,321.0663146972656,416.34771728515625,97.74082946777344
2023-10-09,176.75376892089844,137.138916015625,323.5778503417969,419.0133361816406,101.160888671875
2023-10-10,176.16127014160156,137.97251892089844,322.1749572753906,421.1942443847656,100.73224639892578
2023-10-11,177.5536346435547,138.4461669921875,326.1286926269531,422.9195861816406,97.12065887451172
2023-10-12,178.45228576660156,138.12405395507812,324.89251708984375,420.3412780761719,97.10240936279297
2023-10-13,176.6155242919922,140.19863891601562,321.52740478515625,418.2475280761719,100.20327758789062
2023-10-16,176.48712158203125,140.05654907226562,326.344482421875,422.6481628417969,100.27623748779297
2023-10-17,174.93675231933594,139.75343322753906,325.77545166015625,422.62872314453125,101.58953094482422
2023-10-18,173.64309692382812,138.21881103515625,323.8623352050781,416.9971618652344,103.01229095458984
2023-10-19,173.2678680419922,137.6314697265625,325.0494689941406,413.33331298828125,103.07612609863281
2023-10-20,170.72006225585938,135.41485595703125,320.4875183105469,408.2541809082031,101.30681610107422
2023-10-23,170.8385772705078,133.56761169433594,323.0873718261719,407.546630859375,99.82022857666016
2023-10-24,171.27310180664062,133.72866821289062,324.2744140625,410.6192626953125,98.8534927368164
2023-10-25,168.96234130859375,132.99923706054688,334.2225036621094,404.72601318359375,99.03589630126953
2023-10-26,164.804931640625,133.34024047851562,321.6844787597656,399.8795471191406,98.13301086425781
2023-10-27,166.1182861328125,128.5375213623047,323.568115234375,398.0669860839844,96.26336669921875
2023-10-30,168.1624298095703,130.1763153076172,330.9261169433594,402.82623291015625,96.56431579589844
2023-10-31,168.63645935058594,131.72988891601562,331.7109680175781,405.3561096191406,96.53697967529297
2023-11-01,171.79644775390625,131.61624145507812,339.52032470703125,409.6791076660156,96.34545135498047
2023-11-02,175.35150146484375,133.96551513671875,341.7277526855469,417.5303649902344,99.5101547241211
2023-11-03,174.44297790527344,135.46218872070312,346.1229248046875,421.339599609375,98.29716491699219
2023-11-06,176.99075317382812,136.48526000976562,349.7823486328125,422.308837890625,96.55520629882812
2023-11-07,179.5483856201172,136.41893005371094,353.7066650390625,423.51080322265625,95.04126739501953
2023-11-08,180.6050262451172,137.09153747558594,356.326171875,423.8210144042969,93.8738784790039
2023-11-09,180.13099670410156,136.68418884277344,353.8636779785156,420.5157470703125,93.9012451171875
2023-11-10,184.31369018554688,138.7113800048828,362.6737060546875,427.0777587890625,94.6217269897461
2023-11-13,182.73159790039062,138.0956573486328,359.74029541015625,426.6706848144531,95.61582946777344
2023-11-14,185.34205627441406,140.61544799804688,363.2623291015625,434.94842529296875,95.98397064208984
2023-11-15,185.90565490722656,141.84693908691406,363.4097900390625,435.86920166015625,95.40415954589844
2023-11-16,187.58663940429688,143.46678161621094,369.79974365234375,436.40234375,94.29972839355469
2023-11-17,187.5668487548828,144.76455688476562,363.5867614746094,436.94512939453125,96.60061645507812
2023-11-20,189.30715942382812,145.20980834960938,371.0481872558594,440.3085021972656,96.17726135253906
2023-11-21,188.5062255859375,144.9066619873047,366.7522277832031,439.34893798828125,96.14043426513672
2023-11-22,189.16871643066406,145.24769592285156,371.4512939453125,441.0452575683594,95.72628021240234
2023-11-24,187.84373474121094,145.44664001464844,371.0384216308594,441.3166198730469,96.2416763305664
2023-11-27,187.6657257080078,145.11508178710938,372.1983642578125,440.52178955078125,95.68026733398438
2023-11-28,188.26889038085938,145.44664001464844,376.21917724609375,440.9579772949219,95.62503814697266
2023-11-29,187.2504425048828,146.18553161621094,372.4343566894531,440.6478271484375,94.18927001953125
2023-11-30,187.8239288330078,147.85272216796875,372.4933166503906,442.3828125,94.55742645263672
2023-12-01,189.09950256347656,148.5726776123047,368.1678466796875,444.9998779296875,94.78751373291016
2023-12-04,187.3097381591797,149.66204833984375,362.8887634277344,442.6639404296875,94.27212524414062
2023-12-05,191.25509643554688,149.64309692382812,366.2115173339844,442.5766906738281,92.44060516357422
2023-12-06,190.16744995117188,148.07061767578125,362.5544738769531,440.793212890625,91.21652221679688
2023-12-07,192.0955810546875,148.52528381347656,364.6681213378906,444.1566162109375,90.58148956298828
2023-12-08,193.5194854736328,150.16412353515625,367.8925476074219,446.0661315917969,91.6214828491211
2023-12-11,191.0177764892578,150.7135467529297,365.01214599609375,447.8011474609375,91.68592071533203
2023-12-12,192.53070068359375,152.05870056152344,368.0400085449219,449.8462829589844,90.24095153808594
2023-12-13,195.74429321289062,152.57020568847656,368.03021240234375,456.0497741699219,91.04166412353516
2023-12-14,195.89259338378906,155.34579467773438,359.7331237792969,457.5133972167969,93.48982238769531
2023-12-15,195.3586883544922,156.5204315185547,364.45184326171875,456.7601013183594,92.86396789550781
2023-12-18,193.6974639892578,157.4677276611328,366.3392639160156,459.3294372558594,93.55424499511719
2023-12-19,194.73570251464844,159.5706787109375,366.9389953613281,462.1225280761719,94.78751373291016
2023-12-20,192.64932250976562,157.77084350585938,364.3437194824219,455.71875,93.20450592041016
2023-12-21,192.5009765625,158.6707763671875,367.21429443359375,460.03985595703125,93.62787628173828
2023-12-22,191.43310546875,158.5760498046875,368.23663330078125,460.96441650390625,93.79352569580078
2023-12-26,190.88925170898438,159.5138397216797,368.3152770996094,462.9108581542969,94.00521850585938
2023-12-27,190.9881134033203,160.4705810546875,367.73529052734375,463.7478332519531,93.5634536743164
2023-12-28,191.41329956054688,161.32318115234375,368.9247741699219,463.92303466796875,92.21051788330078
2023-12-29,190.37506103515625,161.13372802734375,369.6719665527344,462.5799255371094,92.01725006103516
2024-01-02,183.5621795654297,163.0093231201172,364.5894470214844,459.9912109375,94.20768737792969
2024-01-03,182.18772888183594,162.2988739013672,364.3240661621094,456.2345886230469,94.99919891357422
2024-01-04,179.8739471435547,163.37591552734375,361.70904541015625,454.7650146484375,94.1708755493164
2024-01-05,179.15208435058594,164.19561767578125,361.52227783203125,455.3879089355469,94.45618438720703
2024-01-08,183.4830780029297,163.9573211669922,368.34478759765625,461.88897705078125,92.88238525390625
2024-01-09,183.0677947998047,162.6610565185547,369.4261474609375,461.18829345703125,91.73192596435547
2024-01-10,184.10601806640625,163.0041961669922,376.28790283203125,463.7965087890625,90.82998657226562
2024-01-11,183.5127410888672,162.3179473876953,378.116455078125,463.5920715332031,90.81158447265625
2024-01-12,183.83905029296875,161.12652587890625,381.89141845703125,463.91326904296875,91.9896240234375
2024-01-16,181.57469177246094,160.11622619628906,383.6609191894531,462.21014404296875,89.90962982177734
2024-01-17,180.6353302001953,159.2583770751953,382.87445068359375,459.6408996582031,89.25617980957031
2024-01-18,186.5187225341797,159.57293701171875,387.1999206542969,463.7283630371094,89.09052276611328
2024-01-19,189.41592407226562,162.3274688720703,391.918701171875,469.5093078613281,89.22856140136719
2024-01-22,191.71981811523438,162.1368408203125,389.7952880859375,470.5019836425781,89.10891723632812
2024-01-23,192.9954071044922,161.06935119628906,392.1448059082031,471.8741760253906,90.11209869384766
2024-01-24,192.32302856445312,162.50856018066406,395.7427978515625,472.3899841308594,91.66749572753906
2024-01-25,191.9967041015625,164.83419799804688,398.013671875,474.95928955078125,93.99600219726562
2024-01-26,190.26629638671875,164.20513916015625,397.0895690917969,474.35589599609375,94.79670715332031
2024-01-29,189.58401489257812,164.634033203125,402.78155517578125,478.11248779296875,94.91635131835938
2024-01-30,185.935302734375,168.00811767578125,401.670654296875,477.7427062988281,96.4993896484375
2024-01-31,182.33604431152344,166.18763732910156,390.8471374511719,469.9472961425781,94.6218490600586
2024-02-01,184.76852416992188,165.587158203125,396.942138671875,476.0979919433594,94.23530578613281
2024-02-02,183.7698516845703,166.540283203125,404.2561340332031,481.1100769042969,93.84876251220703
2024-02-05,185.579345703125,166.32107543945312,398.780517578125,479.35821533203125,93.46220397949219
2024-02-06,187.1812286376953,166.89297485351562,398.6231384277344,480.74993896484375,94.1064453125
2024-02-07,187.29002380371094,167.20745849609375,407.0381774902344,484.75958251953125,94.078857421875
2024-02-08,186.2122039794922,166.60704040527344,407.0971984863281,484.97369384765625,95.68946075439453
2024-02-09,186.97454833984375,166.8071746826172,413.4281005859375,487.77655029296875,93.66468048095703
2024-02-12,185.29141235351562,167.55059814453125,408.2277526855469,487.5624694824219,94.95317840576172
2024-02-13,183.20237731933594,166.0923309326172,399.4390563964844,480.8472595214844,94.13572692871094
2024-02-14,182.32119750976562,167.77938842773438,403.29986572265625,485.2170104980469,93.67127227783203
2024-02-15,182.03411865234375,171.43939208984375,400.41412353515625,488.56488037109375,96.3558349609375
2024-02-16,180.49949645996094,170.6387481689453,397.95196533203125,486.1318664550781,96.3558349609375
2024-02-20,179.75694274902344,171.30593872070312,396.701171875,483.4554443359375,95.44550323486328
2024-02-21,180.50941467285156,172.42111206054688,396.1003112792969,483.8934631347656,97.39620971679688
2024-02-22,182.5390167236328,174.4894256591797,405.42724609375,493.9078674316406,97.31261444091797
2024-02-23,180.7073974609375,175.36630249023438,404.1369934082031,494.2485046386719,96.45801544189453
2024-02-26,179.36093139648438,174.76577758789062,401.37933349609375,492.4382629394531,96.8388671875
2024-02-27,180.81631469726562,174.85159301757812,401.3203125,493.3531188964844,96.6344985961914
2024-02-28,179.61831665039062,175.73802185058594,401.556640625,492.7010498046875,96.90389251708984
2024-02-29,178.9550018310547,177.33924865722656,407.3871765136719,494.4723205566406,97.08966064453125
2024-03-01,177.8758087158203,176.6053466796875,409.218994140625,499.1145324707031,98.31582641601562
2024-03-04,173.361083984375,177.93019104003906,408.6477966308594,498.57928466796875,96.94104766845703
2024-03-05,168.43055725097656,179.71255493164062,396.5632629394531,493.5964050292969,98.13004302978516
2024-03-06,167.4404754638672,180.6466064453125,396.0117492675781,496.0975646972656,99.1797103881836
2024-03-07,167.32167053222656,179.0644073486328,402.9551696777344,501.0220947265625,99.73706817626953
2024-03-08,169.03448486328125,179.3979949951172,400.0793151855469,498.01483154296875,100.67525482177734
2024-03-11,171.034423828125,179.46473693847656,398.4049987792969,497.5865783691406,101.26976776123047
2024-03-12,171.50967407226562,180.94207763671875,409.0023193359375,502.9393310546875,100.61951446533203
2024-03-13,169.43052673339844,182.40992736816406,408.8250732421875,502.15093994140625,101.7435073852539
2024-03-14,171.28195190429688,179.1597442626953,418.7920837402344,501.15838623046875,103.54558563232422
2024-03-15,170.90570068359375,181.3805389404297,410.1251220703125,497.7171325683594,103.35980224609375
2024-03-18,171.99478149414062,183.6299285888672,411.0115051269531,500.675048828125,104.31658935546875
2024-03-19,174.33135986328125,184.70693969726562,415.0397033691406,503.4573974609375,105.05042266845703
2024-03-20,176.8956298828125,187.1278839111328,418.80194091796875,508.1140441894531,104.95752716064453
2024-03-21,169.66815185546875,189.7299346923828,422.8793640136719,509.793212890625,105.42198944091797
2024-03-22,170.569091796875,187.40431213378906,422.2588806152344,508.82672119140625,105.42198944091797
2024-03-25,169.15328979492188,185.68869018554688,416.4677429199219,507.4209899902344,106.4995346069336
2024-03-26,168.02464294433594,186.55601501464844,415.27606201171875,506.4837341308594,105.70066833496094
2024-03-27,171.5888671875,190.1683807373047,415.05938720703125,510.7401428222656,106.79678344726562
2024-03-28,169.7770538330078,190.9118194580078,414.3600769042969,510.6424560546875,107.97649383544922
2024-04-01,168.34144592285156,189.61558532714844,418.1518859863281,509.75408935546875,108.67317199707031
2024-04-02,167.16326904296875,189.53932189941406,415.0692138671875,506.5130310058594,110.80037689208984
2024-04-03,167.96517944335938,189.00555419921875,414.09417724609375,507.0694580078125,110.81895446777344
2024-04-04,167.14346313476562,187.56752014160156,411.56304931640625,500.880126953125,111.2091064453125
2024-04-05,167.89590454101562,189.2931671142578,419.0875244140625,506.1127014160156,112.74181365966797
2024-04-08,166.77713012695312,190.2806396484375,418.1716003417969,506.39581298828125,111.9801025390625
2024-04-09,167.9850311279297,189.00552368164062,419.8360595703125,506.9815368652344,112.5653076171875
2024-04-10,166.11380004882812,187.3949737548828,416.8616943359375,501.9051208496094,113.51278686523438
2024-04-11,173.3016815185547,187.35659790039062,421.4610900878906,505.6929016113281,113.13194274902344
2024-04-12,174.79669189453125,175.23876953125,415.5223083496094,498.71282958984375,111.81289672851562
2024-04-15,170.97503662109375,175.3346710205078,407.3871765136719,492.46490478515625,111.17194366455078
2024-04-16,167.69789123535156,173.33099365234375,408.31292724609375,491.5667724609375,110.25232696533203
2024-04-17,166.33160400390625,172.6407470703125,405.6143493652344,488.6575622558594,110.19659423828125
2024-04-18,165.38113403320312,173.76242065429688,398.15875244140625,487.65203857421875,110.09441375732422
2024-04-19,163.3614044189453,178.1244354248047,393.0866394042969,483.3956298828125,111.35772705078125
2024-04-22,164.19305419921875,181.58531188964844,394.8987731933594,487.8472595214844,111.98937225341797
2024-04-23,165.24252319335938,184.20252990722656,401.4089050292969,493.6363525390625,112.42597198486328
2024-04-24,167.34149169921875,185.1036834716797,402.8763732910156,493.4021301269531,112.44454193115234
2024-04-25,168.20285034179688,185.38169860839844,393.00787353515625,491.52764892578125,112.70463562011719
2024-04-26,167.61868286132812,185.4967498779297,400.1777648925781,496.18438720703125,109.57422637939453
2024-04-29,171.77699279785156,185.29542541503906,396.1693420410156,497.94158935546875,111.13478088378906
2024-04-30,168.63844299316406,183.81907653808594,383.4446716308594,490.0535888671875,109.8621826171875
2024-05-01,167.61868286132812,183.93409729003906,388.9698181152344,488.4623107910156,107.78141784667969
2024-05-02,171.31163024902344,183.74237060546875,391.825927734375,493.03106689453125,107.97649383544922
2024-05-03,181.55886840820312,182.63986206054688,400.51263427734375,499.1423645019531,107.7535629272461
2024-05-06,179.90545654296875,184.0682830810547,407.2886657714844,504.2969055175781,108.45024108886719
2024-05-07,180.58859252929688,183.82864379882812,403.1521301269531,504.85345458984375,107.9114761352539
2024-05-08,180.9252471923828,187.56752014160156,404.3340148925781,504.9021301269531,107.89289093017578
2024-05-09,182.73704528808594,189.3411102294922,406.0871276855469,507.81134033203125,110.02010345458984
2024-05-10,181.47793579101562,190.5586395263672,408.4704895019531,508.4655456542969,109.57422637939453
2024-05-13,184.6802215576172,190.52029418945312,407.4659118652344,508.5337829589844,109.52779388427734
2024-05-14,185.82032775878906,193.18545532226562,410.2630310058594,510.8670654296875,110.1926498413086
2024-05-15,188.09068298339844,193.76065063476562,417.43597412109375,517.1930541992188,111.04483032226562
2024-05-16,188.2096405029297,194.10580444335938,415.3739318847656,516.1289672851562,110.37995147705078
2024-05-17,188.2393798828125,196.32992553710938,414.604248046875,516.8709716796875,112.03746032714844
2024-05-20,189.39932250976562,187.50039672851562,419.6658935546875,517.4664916992188,111.12911224365234
2024-05-21,190.6980743408203,191.27764892578125,423.3165283203125,518.7354125976562,110.36121368408203
2024-05-22,189.26052856445312,190.11764526367188,424.7767639160156,517.2420043945312,108.1418228149414
2024-05-23,185.2750701904297,188.78504943847656,421.3037109375,513.4638061523438,106.29700469970703
2024-05-24,188.34841918945312,192.4185028076172,424.42156982421875,516.8611450195312,106.21273040771484
2024-05-28,188.3583526611328,191.2584686279297,424.5794372558594,517.2223510742188,107.56123352050781
2024-05-29,188.65579223632812,189.9259033203125,423.4447937011719,513.6004638671875,106.40937805175781
2024-05-30,189.64720153808594,191.0955047607422,409.13824462890625,510.1934509277344,106.74650573730469
2024-05-31,190.5989532470703,194.2591552734375,409.5920715332031,514.8403930664062,109.8087158203125
2024-06-03,192.36367797851562,193.48263549804688,408.0035400390625,515.2601318359375,107.1772689819336
2024-06-04,192.68092346191406,190.9325408935547,410.5195617675781,515.8361206054688,105.51038360595703
2024-06-05,194.18785095214844,189.1110076904297,418.3536071777344,521.9669799804688,105.93179321289062
2024-06-06,192.80975341796875,188.7754669189453,418.8568115234375,521.9570922851562,106.727783203125
2024-06-07,195.19911193847656,191.68988037109375,418.1957702636719,521.3225708007812,105.58529663085938
2024-06-10,191.4614715576172,191.36392211914062,422.162109375,522.9332275390625,105.89432525634766
2024-06-11,205.3709716796875,186.330810546875,426.907958984375,524.1926879882812,105.04216003417969
2024-06-12,211.2401580810547,183.61770629882812,435.1761474609375,528.4978637695312,103.88094329833984
2024-06-13,212.4001007080078,185.65975952148438,435.6892395019531,529.5621337890625,103.04751586914062
2024-06-14,210.66513061523438,185.7747802734375,436.6660461425781,529.8843383789062,102.17659759521484
2024-06-17,214.80921936035156,186.9252166748047,442.38861083984375,534.1015014648438,101.47425079345703
2024-06-18,212.44967651367188,188.86175537109375,440.3857116699219,535.4585571289062,102.429443359375
2024-06-20,207.8792724609375,190.4627685546875,439.7542724609375,534.0039672851562,104.63947296142578
2024-06-21,205.7080841064453,188.19065856933594,443.7798156738281,533.2880249023438,103.72174835205078
2024-06-24,206.35247802734375,190.66409301757812,441.69805908203125,531.5545043945312,106.80269622802734
2024-06-25,207.27450561523438,189.88754272460938,444.9342041015625,533.6015014648438,107.10235595703125
2024-06-26,211.4185791015625,189.2740020751953,446.1280822753906,534.2674560546875,107.13982391357422
2024-06-27,212.26129150390625,190.94210815429688,446.80889892578125,535.1097412109375,107.59867858886719
2024-06-28,208.81117248535156,193.9044647216797,440.9875793457031,533.0040283203125,107.8046875
2024-07-01,214.88851928710938,196.9626922607422,450.6371154785156,534.1008911132812,107.65486145019531
2024-07-02,218.37832641601562,200.2030487060547,453.153076171875,537.6953125,106.92443084716797
2024-07-03,219.6472930908203,200.06884765625,454.6231994628906,540.0947875976562,107.46758270263672
2024-07-05,224.3961944580078,197.41781616210938,461.3226318359375,543.2093505859375,106.16590881347656
2024-07-08,225.8634796142578,197.7841339111328,460.0202331542969,543.8360595703125,105.05152130126953
2024-07-09,226.716064453125,200.15557861328125,453.4096374511719,544.364990234375,103.89031982421875
2024-07-10,230.97915649414062,200.3195037841797,460.0301208496094,549.7515869140625,104.80803680419922
2024-07-11,225.61561584472656,199.9820556640625,448.6341857910156,545.0112915039062,106.05352020263672
2024-07-12,228.56007385253906,197.56243896484375,447.4994812011719,548.4489135742188,106.07225799560547
2024-07-15,232.386962890625,202.48846435546875,447.90411376953125,549.957275390625,107.88897705078125
2024-07-16,232.80335998535156,205.92994689941406,443.5232849121094,553.2186279296875,108.66622924804688
2024-07-17,226.9143829345703,209.06297302246094,437.60333251953125,545.4618530273438,110.16455841064453
2024-07-18,222.25473022460938,202.42098999023438,434.4953308105469,541.2699584960938,111.25086212158203
2024-07-19,222.3836212158203,202.2281951904297,431.2788391113281,537.6757202148438,108.69432830810547
2024-07-22,222.03665161132812,202.710205078125,437.0310974121094,543.2190551757812,107.94515228271484
2024-07-23,223.0775909423828,202.75840759277344,438.9156188964844,542.3670654296875,106.20336151123047
2024-07-24,216.6631622314453,201.08102416992188,423.1783752441406,530.0756225585938,107.70169067382812
2024-07-25,215.62217712402344,201.1581573486328,412.81842041015625,527.3137817382812,109.96790313720703
2024-07-26,216.0881805419922,204.59963989257812,419.5968017578125,533.2194213867188,109.87425994873047
2024-07-29,216.36572265625,203.2596893310547,421.0373229980469,533.5328979492188,108.72241973876953
2024-07-30,216.92091369628906,207.44346618652344,417.2781677246094,530.8297119140625,110.66088104248047
2024-07-31,220.17276000976562,205.13949584960938,412.7691345214844,539.4581909179688,111.05419921875
2024-08-01,216.48471069335938,200.47373962402344,411.545654296875,531.8189697265625,109.5184097290039
2024-08-02,217.97183227539062,191.97122192382812,403.0406188964844,521.9173583984375,109.4528579711914
2024-08-05,207.4727783203125,187.88385009765625,389.8785705566406,506.7171630859375,107.47693634033203
2024-08-06,205.45028686523438,193.12802124023438,394.2790832519531,511.3888854980469,106.90570831298828
2024-08-07,208.01806640625,193.18585205078125,393.1148376464844,507.970703125,108.32911682128906
2024-08-08,211.4781036376953,196.714111328125,397.3179931640625,519.7136840820312,110.398681640625
2024-08-09,214.38294982910156,198.39149475097656,400.60357666015625,522.00537109375,111.29766845703125
2024-08-12,215.91146850585938,198.76742553710938,401.383056640625,522.2796630859375,111.43814849853516
2024-08-13,219.62362670898438,200.45445251464844,408.4870300292969,530.8688354492188,110.3705825805664
2024-08-14,220.07029724121094,202.67166137695312,411.2989807128906,532.543701171875,111.39132690429688
2024-08-15,223.0479736328125,203.93447875976562,416.162109375,541.6716918945312,112.0804443359375
2024-08-16,224.36807250976562,206.26736450195312,413.6316833496094,542.8860473632812,111.55179595947266
2024-08-19,224.20925903320312,207.69406127929688,416.6563415527344,548.0767822265625,111.89163970947266
2024-08-20,224.82464599609375,206.7975616455078,419.8885192871094,547.1856079101562,108.1628646850586
2024-08-21,224.7154541015625,206.87466430664062,419.2361755371094,549.0659790039062,107.47374725341797
2024-08-22,222.85939025878906,208.83160400390625,410.7454833984375,544.7566528320312,108.30445098876953
2024-08-23,225.15219116210938,210.4511260986328,411.97113037109375,550.544921875,109.80540466308594
2024-08-26,225.48968505859375,211.28016662597656,408.70928955078125,549.2324829101562,112.15595245361328
2024-08-27,226.33335876464844,212.25379943847656,409.0552062988281,549.9866943359375,111.08924865722656
2024-08-28,224.80482482910156,213.3238525390625,405.85272216796875,546.7937622070312,109.99420166015625
2024-08-29,228.0802459716797,214.2107391357422,408.34356689453125,546.8428344726562,111.51403045654297
2024-08-30,227.2960968017578,216.70750427246094,412.3170471191406,552.0629272460938,111.33467864990234
2024-09-03,221.1124725341797,212.36949157714844,404.70611572265625,540.7020263671875,109.00301361083984
2024-09-04,219.20675659179688,211.4344024658203,404.17236328125,539.5953979492188,107.67198181152344
2024-09-05,220.72540283203125,209.79562377929688,403.6682434082031,538.2828979492188,106.83182525634766
2024-09-06,219.177001953125,204.81170654296875,397.05560302734375,529.2234497070312,106.33151245117188
2024-09-09,219.26632690429688,209.00511169433594,401.02911376953125,535.1488647460938,108.56877899169922
2024-09-10,218.47227478027344,198.1601104736328,409.4111022949219,537.4797973632812,104.61344909667969
2024-09-11,221.00331115722656,199.76998901367188,418.14886474609375,542.9937744140625,103.5750503540039
2024-09-12,221.1124725341797,199.1626739501953,422.0630798339844,547.5675659179688,105.00049591064453
2024-09-13,220.84446716308594,196.96473693847656,425.611572265625,550.4273681640625,104.92495727539062
2024-09-16,214.71046447753906,200.3773193359375,426.3529052734375,551.2402954101562,106.39759063720703
2024-09-17,215.1769561767578,201.71728515625,430.1188659667969,551.4655151367188,107.7852554321289
2024-09-18,219.0479736328125,200.05917358398438,425.8290710449219,549.8300170898438,108.1628646850586
2024-09-19,227.16709899902344,202.9029998779297,433.6179504394531,559.2125244140625,109.50333404541016
2024-09-20,226.50205993652344,203.49102783203125,430.23748779296875,558.245849609375,108.814208984375
2024-09-23,224.7849578857422,203.82843017578125,428.4978332519531,559.6408081054688,110.78716278076172
2024-09-24,225.67823791503906,203.97303771972656,424.2080078125,561.2420654296875,110.4945297241211
2024-09-25,224.6856689453125,202.62344360351562,427.114013671875,560.0042724609375,108.34221649169922
2024-09-26,225.82713317871094,202.2281951904297,426.3232727050781,562.2244873046875,106.48255157470703
2024-09-27,226.09510803222656,202.9222869873047,423.0712585449219,561.4091186523438,109.33341217041016
2024-09-30,231.266357421875,203.26931762695312,425.32489013671875,563.6588134765625,110.65499877929688
2024-10-01,224.52688598632812,199.58682250976562,415.8260192871094,558.6093139648438,113.2132339477539
2024-10-02,225.09263610839844,199.8278350830078,412.3072204589844,558.8450927734375,114.71416473388672
2024-10-03,223.9908905029297,197.84197998046875,411.7240295410156,557.8234252929688,115.7148208618164
2024-10-04,225.11248779296875,204.8641357421875,411.24957275390625,562.892578125,117.83879852294922
2024-10-07,220.04051208496094,204.58285522460938,404.80499267578125,557.8038330078125,118.34855651855469
2024-10-08,224.09017944335938,204.40826416015625,409.91522216796875,563.0792236328125,115.20506286621094
2024-10-09,227.83209228515625,206.99790954589844,412.6333923339844,566.9793701171875,115.25225067138672
2024-10-10,227.33580017089844,206.4353790283203,411.0321044921875,565.987060546875,116.24345397949219
2024-10-11,225.85690307617188,215.60101318359375,411.5065612792969,569.3763427734375,116.68711853027344
2024-10-14,229.57901000976562,214.8153839111328,414.2939758300781,574.032958984375,117.13079833984375
2024-10-15,232.1100311279297,215.69801330566406,413.8985900878906,569.5729370117188,113.60971069335938
2024-10-16,230.05545043945312,216.91036987304688,411.3088684082031,572.0485229492188,113.90235137939453
2024-10-17,230.4226837158203,217.6669158935547,411.9019470214844,572.0975952148438,113.60971069335938
2024-10-18,233.25146484375,218.5883331298828,413.3253173828125,574.2981567382812,113.28874206542969
2024-10-21,234.720458984375,216.28964233398438,413.9381103515625,573.3550415039062,113.35482788085938
2024-10-22,234.1051025390625,217.37596130371094,422.5672302246094,573.050537109375,113.94010162353516
2024-10-23,229.0430145263672,216.6873016357422,419.69085693359375,567.8142700195312,113.53419494628906
2024-10-24,228.8544464111328,218.21006774902344,419.8193359375,569.0423583984375,112.89226531982422
2024-10-25,229.68820190429688,215.6204071044922,423.1997985839844,568.8458862304688,112.7978744506836
2024-10-28,231.66339111328125,218.7144317626953,421.6578369140625,570.6043701171875,112.24090576171875
2024-10-29,231.93138122558594,216.19264221191406,426.95587158203125,571.52783203125,110.71163177490234
2024-10-30,228.38792419433594,217.6572265625,427.5291442871094,569.798828125,110.15469360351562
2024-10-31,224.22911071777344,215.2421417236328,401.65185546875,558.6289672851562,110.2396469116211
2024-11-01,221.25143432617188,216.23146057128906,405.6253662109375,560.9866333007812,108.51213073730469
2024-11-04,220.3581085205078,213.16653442382812,403.7374267578125,559.7782592773438,111.9671630859375
2024-11-05,221.7873992919922,214.82508850097656,406.7027282714844,566.547119140625,112.29755401611328
2024-11-06,221.06283569335938,239.62567138671875,415.3218994140625,580.6345825195312,114.22330474853516
2024-11-07,225.78744506835938,229.2670440673828,420.51123046875,585.1240844726562,114.36490631103516
2024-11-08,225.51914978027344,229.84896850585938,417.6546630859375,587.65869140625,114.32714080810547
2024-11-11,222.8064727783203,232.08946228027344,413.1770324707031,588.2186889648438,113.72299194335938
2024-11-12,222.8064727783203,232.35133361816406,418.1390075683594,586.3914184570312,113.60971069335938
2024-11-13,223.69081115722656,233.90321350097656,420.283935546875,586.6763916015625,114.66697692871094
2024-11-14,226.77113342285156,234.59181213378906,421.9543762207031,582.9039306640625,114.74311828613281
2024-11-15,223.5715789794922,237.92832946777344,410.20184326171875,575.4376831054688,113.55342864990234
2024-11-18,226.57241821289062,237.65672302246094,410.9530334472656,577.7955322265625,114.50518035888672
2024-11-19,226.83074951171875,235.77511596679688,412.9595947265625,579.9075927734375,112.9062271118164
2024-11-20,227.5461883544922,233.53463745117188,410.6861572265625,580.1040649414062,114.51470184326172
2024-11-21,227.06924438476562,237.3948516845703,408.913330078125,583.21826171875,116.04701232910156
2024-11-22,228.41067504882812,241.07081604003906,413.00372314453125,585.02587890625,115.91378021240234
2024-11-25,231.39163208007812,242.75843811035156,414.7765808105469,587.0103759765625,114.18158721923828
2024-11-26,233.56771850585938,242.44808959960938,423.888427734375,590.075439453125,112.27809143066406
2024-11-27,233.43853759765625,242.2734832763672,418.93634033203125,588.2874145507812,111.98303985595703
2024-11-29,235.8233184814453,242.20562744140625,419.4018249511719,591.94189453125,112.26856994628906
2024-12-02,238.06893920898438,238.84002685546875,426.8497619628906,593.0029907226562,112.16387176513672
2024-12-03,241.10952758789062,237.4530487060547,427.06768798828125,593.2778930664062,111.9925537109375
2024-12-04,241.46725463867188,236.07579040527344,433.22802734375,596.9619750976562,108.76612091064453
2024-12-05,241.49705505371094,238.09320068359375,438.3782043457031,595.9796142578125,109.24198913574219
2024-12-06,241.29830932617188,239.9166259765625,439.3191223144531,597.1094360351562,108.09037780761719
2024-12-09,245.1835174560547,236.4734649658203,441.74560546875,594.034423828125,107.45271301269531
2024-12-10,246.19705200195312,235.55201721191406,439.0813903808594,592.1875610351562,107.23379516601562
2024-12-11,244.92515563964844,236.20187377929688,444.68719482421875,596.7655639648438,106.51998138427734
2024-12-12,246.3858184814453,234.26206970214844,445.251708984375,593.690673828125,106.42481231689453
2024-12-13,246.55474853515625,232.7198944091797,442.983642578125,593.57275390625,105.49209594726562
2024-12-16,249.44627380371094,232.37074279785156,447.2622375488281,596.1072998046875,103.2364501953125
2024-12-17,251.87078857421875,231.1874542236328,450.104736328125,593.6513671875,102.79864501953125
2024-12-18,246.4752655029297,223.43788146972656,433.1983337402344,575.9584350585938,101.28535461425781
2024-12-19,248.20419311523438,225.949951171875,432.841796875,575.7815551757812,100.41927337646484
2024-12-20,252.87437438964844,230.4503173828125,432.4159240722656,582.6973266601562,100.76190948486328
2024-12-23,253.64942932128906,231.21653747558594,431.078857421875,586.1865844726562,101.17115020751953
2024-12-24,256.5608825683594,235.01856994628906,435.1197509765625,592.7020874023438,101.26632690429688
2024-12-26,257.3756103515625,235.8236083984375,433.9114074707031,592.7415771484375,101.35197448730469
2024-12-27,253.96739196777344,233.91290283203125,426.40411376953125,586.5020141601562,101.34246826171875
2024-12-30,250.59890747070312,232.11856079101562,420.7586669921875,579.80908203125,100.6572036743164
2024-12-31,248.83021545410156,232.49684143066406,417.46063232421875,577.6997680664062,102.37986755371094
2025-01-02,242.30191040039062,232.77810668945312,414.568603515625,576.2803344726562,102.13241577148438
2025-01-03,241.8150177001953,235.9593963623047,419.2928771972656,583.48583984375,102.65587615966797
2025-01-06,243.44461059570312,234.80899047851562,423.7497863769531,586.8469848632812,102.54166412353516
2025-01-07,240.67234802246094,237.07080078125,418.322265625,580.2132568359375,103.50293731689453
2025-01-08,241.15921020507812,237.03179931640625,420.49127197265625,581.0609741210938,101.77076721191406
2025-01-10,235.34637451171875,233.85357666015625,414.9350280761719,572.189697265625,101.39957427978516
2025-01-13,232.9119110107422,238.08473205566406,413.1919250488281,573.0768432617188,104.01689147949219
2025-01-14,231.7989959716797,241.262939453125,411.6864929199219,573.8653564453125,104.4261474609375
2025-01-15,236.35986328125,246.02053833007812,422.2244873046875,584.303955078125,106.12977600097656
2025-01-16,226.81088256835938,247.8923797607422,420.5110778808594,583.1802368164062,105.94893646240234
2025-01-17,228.51995849609375,252.6597442626953,424.91845703125,589.0353393554688,106.90069580078125
2025-01-21,221.22657775878906,256.43267822265625,424.3935241699219,594.4271240234375,106.09170532226562
2025-01-22,222.4090118408203,256.2474365234375,441.9239501953125,597.7686157226562,104.24530029296875
2025-01-23,222.24009704589844,259.2794494628906,442.4289855957031,601.03125,104.83539581298828
2025-01-24,221.3656768798828,258.197265625,439.8044128417969,599.2766723632812,103.41728210449219
2025-01-27,228.4007568359375,259.18194580078125,430.39544677734375,590.7997436523438,104.85442352294922
2025-01-28,236.74740600585938,260.4396057128906,442.9143371582031,595.8760375976562,102.82720184326172
2025-01-29,237.84042358398438,259.89361572265625,438.0909729003906,593.2048950195312,103.42679595947266
2025-01-30,236.08164978027344,261.5022277832031,411.01300048828125,596.3886108398438,104.28336334228516
2025-01-31,234.5017547607422,260.5955810546875,411.08233642578125,593.2146606445312,101.67557525634766
2025-02-03,226.56246948242188,260.1178894042969,406.9820556640625,589.2225952148438,101.92303466796875
2025-02-04,231.32208251953125,261.2195129394531,408.4180908203125,593.1752319335938,104.65455627441406
2025-02-05,230.99417114257812,263.6470642089844,409.32928466796875,595.580322265625,104.57842254638672
2025-02-06,231.73941040039062,269.95477294921875,411.83502197265625,597.6503295898438,103.19837188720703
2025-02-07,226.18492126464844,268.88238525390625,405.8232116699219,592.1797485351562,103.63618469238281
2025-02-10,226.45346069335938,264.24176025390625,408.2695617675781,596.2012939453125,105.61582946777344
2025-02-11,231.3973388671875,268.0926513671875,407.4970397949219,596.65478515625,106.28205108642578
2025-02-12,235.62501525878906,268.5411682128906,405.1200256347656,594.7327270507812,103.08436584472656
2025-02-13,240.26051330566406,269.38934326171875,406.60565185546875,601.0115356445312,103.83338165283203
2025-02-14,243.31439208984375,269.65252685546875,404.515869140625,600.9820556640625,103.93901062011719
2025-02-18,243.18507385253906,272.9282531738281,405.7142639160156,602.746337890625,105.76351165771484
2025-02-19,243.5829620361328,272.245849609375,410.79510498046875,604.165771484375,105.91715240478516
2025-02-20,244.5379180908203,260.10809326171875,412.968505859375,601.6522827148438,107.54960632324219
2025-02-21,244.2593994140625,257.6123352050781,405.1086120605469,591.361572265625,106.29166412353516
2025-02-24,245.80125427246094,254.7850799560547,400.9306335449219,588.6705932617188,106.84860229492188
2025-02-25,245.7415313720703,250.94387817382812,394.876953125,585.7430419921875,105.36979675292969
2025-02-26,239.0966796875,252.29904174804688,396.6930847167969,586.0387573242188,105.11052703857422
2025-02-27,236.05276489257812,252.55250549316406,389.54779052734375,576.6844482421875,105.77311706542969
2025-02-28,240.56887817382812,258.01202392578125,393.973876953125,585.6838989257812,106.9062271118164
2025-03-03,236.77890014648438,254.08311462402344,385.5384521484375,575.4227294921875,103.47808837890625
2025-03-04,234.68994140625,243.97323608398438,385.65753173828125,568.6116333007812,103.26683044433594
2025-03-05,234.50094604492188,245.2211151123047,397.9732666015625,574.7228393554688,101.25025939941406
2025-03-06,234.0930938720703,240.35626220703125,393.87469482421875,564.52099609375,103.34364318847656
2025-03-07,237.81346130371094,236.20310974121094,390.32183837890625,567.6849975585938,104.68801879882812
2025-03-10,226.28436279296875,226.39544677734375,377.2717590332031,552.5643920898438,107.35755157470703
2025-03-11,219.6792755126953,223.3927001953125,377.5595703125,547.970947265625,104.82244873046875
2025-03-12,215.8395538330078,222.18380737304688,380.3581237792969,550.8788452148438,104.79364776611328
2025-03-13,208.5779266357422,219.54177856445312,375.89227294921875,543.5352783203125,104.35192108154297
2025-03-14,212.367919921875,226.6099395751953,385.6079406738281,554.762451171875,107.45357513427734
2025-03-17,212.87521362304688,228.0625457763672,385.7468566894531,559.0404663085938,109.23966217041016
2025-03-18,211.57211303710938,229.0764617919922,380.606201171875,552.9981079101562,109.12442779541016
2025-03-19,214.1086883544922,233.11264038085938,384.87359619140625,559.020751953125,110.82410430908203
2025-03-20,212.97470092773438,233.01513671875,383.9010009765625,557.4041748046875,111.29463195800781
2025-03-21,217.12277221679688,235.56942749023438,388.28741455078125,557.5880126953125,110.91053009033203
2025-03-24,219.56983947753906,241.83816528320312,390.09356689453125,567.5736083984375,111.19861602783203
2025-03-25,222.573974609375,244.83116149902344,392.1578063964844,568.93798828125,111.95720672607422
2025-03-26,220.36563110351562,244.73365783691406,387.0072326660156,562.1458740234375,113.57044982910156
2025-03-27,222.67344665527344,241.89663696289062,387.6125793457031,560.6529541015625,113.20555877685547
2025-03-28,216.7547149658203,236.7588348388672,375.92205810546875,549.3623657226562,113.05191802978516
2025-03-31,220.9624786376953,239.1473846435547,372.5379943847656,553.0501098632812,114.20423126220703
2025-04-01,222.01690673828125,237.5485076904297,379.2863464355469,554.6121215820312,114.30986785888672
2025-04-02,222.71322631835938,239.6543426513672,379.2367248535156,558.1220092773438,113.95455932617188
2025-04-03,202.12205505371094,222.95399475097656,370.2752990722656,530.6171875,107.96250915527344
2025-04-04,187.38987731933594,206.2684783935547,357.1061706542969,499.5533447265625,100.1939697265625
2025-04-07,180.50625610351562,210.34913635253906,355.14117431640625,498.6635437011719,98.84961700439453
2025-04-08,171.51376342773438,212.73277282714844,351.8662414550781,490.8531188964844,96.76583862304688
2025-04-09,197.8048553466797,229.86949157714844,387.52325439453125,542.4022216796875,101.59596252441406
2025-04-10,189.41915893554688,222.77743530273438,378.4527282714844,518.6345825195312,95.95921325683594
2025-04-11,197.1085205078125,231.6940155029297,385.4988098144531,527.8884887695312,99.04166412353516
2025-04-14,201.45555114746094,230.24224853515625,384.8636474609375,533.009765625,99.28172302246094
2025-04-15,201.07754516601562,228.6825714111328,382.7994689941406,531.5169067382812,99.00325012207031
2025-04-16,193.24891662597656,225.229736328125,368.7867126464844,519.7023315429688,100.04994201660156
2025-04-17,195.9446563720703,227.534912109375,364.9858093261719,520.44384765625,102.67145538330078
2025-04-21,192.14474487304688,224.62156677246094,356.3916015625,508.0558776855469,101.1638412475586
2025-04-22,198.690185546875,231.09564208984375,364.0331115722656,521.2743530273438,103.99662780761719
2025-04-23,203.52462768554688,236.28472900390625,371.54559326171875,529.3516845703125,103.10357666015625
2025-04-24,207.27479553222656,239.97300720214844,384.35748291015625,540.4940185546875,104.31350708007812
2025-04-25,208.18003845214844,238.90379333496094,388.8729553222656,544.3992919921875,104.25589752197266
2025-04-28,209.03550720214844,238.580078125,388.18817138671875,544.6068725585938,104.31350708007812
2025-04-29,210.09988403320312,239.95338439941406,391.04632568359375,548.03759765625,104.05425262451172
2025-04-30,211.38311767578125,239.95338439941406,392.2570495605469,548.2550659179688,101.43272399902344
2025-05-01,212.1988067626953,242.18008422851562,422.16802978515625,552.1405029296875,101.57675170898438
2025-05-02,204.27069091796875,247.69285583496094,431.9729919433594,560.3365478515625,101.98966979980469
2025-05-05,197.8446502685547,247.7418975830078,432.8562316894531,557.1233520507812,99.16648864746094
2025-05-06,197.46661376953125,244.49505615234375,430.0179443359375,552.4667358398438,100.54927062988281
2025-05-07,195.218505859375,244.63238525390625,430.0576477050781,554.7901611328125,100.45325469970703
2025-05-08,196.45199584960938,248.63455200195312,434.841064453125,558.6558227539062,101.85523986816406
2025-05-09,197.4865264892578,248.2519989013672,435.39678955078125,557.9439697265625,103.04595947265625
2025-05-12,209.95703125,255.08900451660156,445.84674072265625,576.3826904296875,104.82244873046875
2025-05-13,212.08859252929688,257.9925537109375,445.7276916503906,580.1890258789062,105.11052703857422
2025-05-14,211.49098205566406,260.5724182128906,449.4988098144531,580.9305419921875,104.16947937011719
2025-05-15,210.6144561767578,262.3870544433594,450.512939453125,583.7679443359375,105.2258071899414
2025-05-16,210.42520141601562,262.4557800292969,451.6463623046875,587.4655151367188,104.84784698486328
2025-05-19,207.95498657226562,259.826904296875,456.2197570800781,588.108154296875,103.18098449707031
2025-05-20,206.04258728027344,260.61163330078125,455.5238342285156,586.130859375,101.70793151855469
2025-05-21,201.2914276123047,256.0601501464844,449.9561462402344,576.2540893554688,100.45779418945312
2025-05-22,200.5643310546875,255.6972198486328,452.2329406738281,576.4815063476562,99.78910827636719
2025-05-23,194.49838256835938,255.7364044189453,447.5799865722656,572.5465698242188,99.84724426269531
2025-05-27,199.4188690185547,260.22906494140625,458.02923583984375,584.4501953125,100.32210540771484
2025-05-28,199.62803649902344,258.4634094238281,454.718505859375,581.0689086914062,98.95567321777344
2025-05-29,199.15988159179688,259.3266296386719,456.0308837890625,583.3626098632812,99.51775360107422
2025-05-30,200.05633544921875,258.96368408203125,457.7011413574219,582.7101440429688,99.13980102539062
2025-06-02,200.90296936035156,259.611083984375,459.3018798828125,585.992431640625,99.86663818359375
2025-06-03,202.46678161621094,261.1903381347656,460.2961120605469,589.3341064453125,100.59346771240234
2025-06-04,202.01853942871094,259.1794738769531,461.1908874511719,589.1759033203125,99.13980102539062
2025-06-05,199.8372039794922,256.9527893066406,464.9788818359375,586.3285522460938,98.684326171875
2025-06-06,203.11419677734375,260.6606750488281,467.6632995605469,592.3495483398438,101.04893493652344
2025-06-09,200.65396118164062,261.65142822265625,470.0196228027344,592.8834838867188,101.72732543945312
2025-06-10,201.869140625,263.4759216308594,468.2001953125,596.244873046875,103.90782165527344
2025-06-11,197.99452209472656,263.03448486328125,469.8903503417969,594.54443359375,105.9332504272461
2025-06-12,198.41285705566406,263.1227722167969,476.104248046875,596.9073486328125,106.34027099609375
2025-06-13,195.67372131347656,259.89556884765625,472.2168273925781,590.2338256835938,108.65644836425781
2025-06-16,197.63592529296875,265.20233154296875,476.3727111816406,595.8494262695312,109.00533294677734
2025-06-17,194.86692810058594,264.37835693359375,475.279052734375,590.7578735351562,110.4783706665039
2025-06-18,195.80320739746094,268.7336730957031,477.4663391113281,590.6688232421875,109.69339752197266
2025-06-20,200.20574951171875,269.7538146972656,474.64276123046875,589.2816162109375,111.15674591064453
2025-06-23,200.70376586914062,272.96142578125,483.19305419921875,595.1022338867188,108.28817749023438
2025-06-24,199.5084991455078,275.8944091796875,487.2793273925781,601.6764526367188,104.99320983886719
2025-06-25,200.76351928710938,278.6409912109375,489.4268493652344,602.0136108398438,105.02229309082031
2025-06-26,200.20574951171875,283.2414855957031,494.57696533203125,606.7236938476562,106.59224700927734
2025-06-27,200.28543090820312,281.6327819824219,493.07568359375,609.7380981445312,106.00109100341797
2025-06-30,204.3592529296875,284.37939453125,494.5372009277344,612.6533813476562,104.46990203857422
2025-07-01,206.99879455566406,284.8698425292969,489.2081298828125,612.455078125,105.86540222167969
2025-07-02,211.6005401611328,286.42950439453125,488.2536926269531,615.2315063476562,107.6195068359375
2025-07-03,212.7061309814453,291.75201416015625,495.9589538574219,620.0803833007812,108.73397064208984
2025-07-07,209.12037658691406,287.77984619140625,494.84539794921875,615.4595947265625,107.67764282226562
2025-07-08,209.1801300048828,278.72174072265625,493.7517395019531,615.1224365234375,110.66249084472656
2025-07-09,210.3056640625,279.0963134765625,500.6019592285156,618.8110961914062,110.28455352783203
2025-07-10,211.57066345214844,284.0540771484375,498.58367919921875,620.5563354492188,111.37964630126953
2025-07-11,210.3256072998047,282.7431640625,500.4130554199219,618.3748168945312,111.86419677734375
2025-07-14,207.79562377929688,284.5567932128906,500.1147766113281,619.5547485351562,110.40084075927734
2025-07-15,208.28369140625,282.4376525878906,502.89862060546875,616.9072875976562,109.42204284667969
2025-07-16,209.3295440673828,281.7181396484375,502.6997375488281,618.9697265625,108.76304626464844
2025-07-17,209.19009399414062,285.73956298828125,508.7446594238281,622.757568359375,108.21065521240234
2025-07-18,210.3455047607422,287.08990478515625,507.10418701171875,622.301513671875,104.44082641601562
2025-07-21,211.640380859375,286.794189453125,507.1141052246094,623.4815063476562,104.71217346191406
2025-07-22,213.5527801513672,287.24761962890625,502.3517761230469,623.5707397460938,105.1870346069336
2025-07-23,213.30377197265625,292.5011291503906,502.9483337402344,628.8757934570312,106.53409576416016
2025-07-24,212.9153289794922,292.29412841796875,507.92938232421875,629.083984375,107.3675308227539
2025-07-25,213.0348358154297,294.3344421386719,510.74310302734375,631.7413940429688,106.98957824707031
2025-07-28,213.2041778564453,293.9992980957031,509.5400390625,631.582763671875,107.9974594116211
2025-07-29,210.43516540527344,292.777099609375,509.6096496582031,629.9169311523438,109.39295959472656
2025-07-30,208.22393798828125,295.3299255371094,510.2757568359375,629.1236572265625,108.4432373046875
2025-07-31,206.74978637695312,291.9885559082031,530.4187622070312,626.763671875,108.19126892089844
2025-08-01,201.58029174804688,285.2171630859375,521.0830078125,616.4907836914062,106.25305938720703
2025-08-04,202.5464630126953,290.0369873046875,532.54638671875,625.8612670898438,104.05318450927734
2025-08-05,202.11814880371094,287.1884460449219,524.701904296875,622.688232421875,103.92719268798828
2025-08-06,212.40733337402344,287.1687316894531,521.908203125,627.457763671875,103.2197494506836
2025-08-07,219.16053771972656,282.8220520019531,517.8319091796875,626.9321899414062,102.67704772949219
2025-08-08,228.44371032714844,284.615966796875,519.0249633789062,631.82080078125,103.50078582763672
2025-08-11,226.53909301757812,285.4044494628906,518.7565307617188,630.5713500976562,102.56075286865234
2025-08-12,229.0021209716797,288.6472473144531,526.183349609375,637.2844848632812,102.85147857666016
2025-08-13,232.6717529296875,286.36053466796875,517.5734252929688,639.4659423828125,104.27607727050781
2025-08-14,232.123291015625,289.9384460449219,519.4623413085938,639.5254516601562,104.06287384033203
2025-08-15,230.9366455078125,286.3210754394531,517.1657104492188,638.0281372070312,104.16068267822266
2025-08-18,230.23863220214844,287.3461608886719,514.1134033203125,637.8892822265625,104.38565063476562
2025-08-19,229.90956115722656,286.4886779785156,506.8258056640625,634.4286499023438,105.0703353881836
2025-08-20,225.3723907470703,288.04595947265625,502.7991943359375,632.742919921875,106.15605926513672
2025-08-21,224.26553344726562,287.2870178222656,502.15185546875,630.2044677734375,106.84075164794922
2025-08-22,227.11746215820312,291.9885559082031,505.1295166015625,639.8823852539062,108.84590911865234
2025-08-25,226.51914978027344,290.6678161621094,502.17181396484375,637.0662231445312,109.29584503173828
2025-08-26,228.6630859375,294.2851257324219,499.96099853515625,639.733642578125,109.05131530761719
2025-08-27,229.8397674560547,294.9849548339844,504.6415100097656,641.1912841796875,110.28375244140625
2025-08-28,231.9039306640625,296.749267578125,507.5295104980469,643.4619750976562,110.8706283569336
2025-08-29,231.485107421875,297.0942687988281,504.59173583984375,639.6245727539062,111.79006958007812
2025-09-02,229.0719451904297,295.39892578125,503.0282287597656,634.884765625,112.18131256103516
2025-09-03,237.79725646972656,295.211669921875,503.2572937011719,638.3256225585938,109.4621353149414
2025-09-04,239.10354614257812,299.4598083496094,505.866455078125,643.6602783203125,109.94140625
2025-09-05,239.0137939453125,290.1552734375,492.9501647949219,641.796142578125,106.84075164794922
2025-09-08,237.2089080810547,288.70635986328125,496.13690185546875,643.3727416992188,107.44718170166016
2025-09-09,233.68887329101562,293.57550048828125,496.3460388183594,644.8601684570312,108.22969055175781
2025-09-10,226.1501922607422,296.22686767578125,498.29791259765625,646.724365234375,110.03923034667969
2025-09-11,229.3810577392578,301.1748352050781,498.9352722167969,652.0988159179688,109.68710327148438
2025-09-12,233.40966796875,302.5054626464844,507.7884521484375,651.8805541992188,109.70665740966797
2025-09-15,236.0322265625,304.46685791015625,513.225830078125,655.3511352539062,109.89250183105469
2025-09-16,237.4781494140625,304.7527160644531,506.9320068359375,654.4487915039062,112.17153930664062
2025-09-17,238.3157958984375,307.2760009765625,507.9079284667969,653.6357421875,112.76819610595703
2025-09-18,237.2089080810547,308.7347717285156,506.3444519042969,656.6898803710938,111.43794250488281
2025-09-19,244.8074188232422,310.26251220703125,515.78515625,659.9423217773438,110.35221862792969
2025-09-22,255.35755920410156,307.9560852050781,512.319580078125,663.0645751953125,109.56971740722656
2025-09-23,253.71221923828125,308.25177001953125,507.1212463378906,659.4551391601562,111.45750427246094
2025-09-24,251.59820556640625,308.92205810546875,508.0373840332031,657.3569946289062,112.05416107177734
2025-09-25,256.14532470703125,308.9516296386719,504.9303283691406,654.3242797851562,113.06163024902344
2025-09-26,254.73931884765625,311.52410888671875,509.34197998046875,658.072998046875,114.6559829711914
2025-09-29,253.71221923828125,311.1594543457031,512.4689331054688,659.9224243164062,111.72160339355469
2025-09-30,253.9116668701172,310.9031677246094,515.8051147460938,662.4082641601562,110.28375244140625
2025-10-01,254.72933959960938,306.25091552734375,517.557861328125,664.6654052734375,109.54037475585938
2025-10-02,256.40460205078125,303.1362609863281,513.604248046875,665.4309692382812,108.8556900024414
2025-10-03,257.2920837402344,305.5806884765625,515.20751953125,665.421142578125,110.78260040283203
2025-10-06,255.96583557128906,306.2244567871094,526.3811645507812,667.8074951171875,111.70203399658203
2025-10-07,255.75645446777344,304.7486877441406,521.8101196289062,665.3316040039062,111.76072692871094
2025-10-08,257.3320007324219,301.1236877441406,522.676513671875,669.2990112304688,111.52597045898438
2025-10-09,253.32330322265625,302.6093444824219,520.2366943359375,667.3600463867188,110.44026184082031
2025-10-10,244.57806396484375,298.01373291015625,508.84405517578125,649.32275390625,108.30794525146484
2025-10-13,246.96133422851562,305.0260314941406,511.9212341308594,659.2860107421875,109.78490447998047
2025-10-14,247.07101440429688,299.19232177734375,511.4432373046875,658.4805908203125,109.83381652832031
2025-10-15,248.63658142089844,302.767822265625,511.3038024902344,661.4039306640625,109.16868591308594
2025-10-16,246.75192260742188,295.6861572265625,509.4913330078125,656.8995971679688,108.21990203857422
2025-10-17,251.5782470703125,294.7155456542969,511.4532470703125,660.62841796875,109.78490447998047
2025-10-20,261.50018310546875,299.4696350097656,514.6498413085938,667.499267578125,110.23484802246094
2025-10-21,262.0286560058594,294.2500305175781,515.5162963867188,667.4893188476562,110.24462890625
2025-10-22,257.72088623046875,291.2984924316406,518.3843994140625,664.0191040039062,112.20088195800781
2025-10-23,258.84765625,291.72442626953125,518.404296875,667.9566650390625,113.44309997558594
2025-10-24,262.0785827636719,297.5680236816406,521.441650390625,673.4155883789062,112.86600494384766
2025-10-27,268.0516662597656,301.2425231933594,529.3189697265625,681.3603515625,113.40397644042969
2025-10-28,268.2411193847656,302.4409484863281,539.8252563476562,683.1700439453125,112.51388549804688
2025-10-29,268.93914794921875,302.58953857421875,539.307373046875,683.4982299804688,113.90281677246094
2025-10-30,270.63433837890625,306.48199462890625,523.582763671875,675.9810180664062,112.18131256103516
2025-10-31,269.6072692871094,308.1459045410156,515.6656494140625,678.1983032226562,111.85853576660156
2025-11-03,268.29095458984375,306.3928527832031,514.888916015625,679.4711303710938,111.27165985107422
2025-11-04,269.2781982421875,306.2937927246094,512.2001342773438,671.4169921875,111.64334106445312
2025-11-05,269.3779296875,308.7005615234375,505.0597839355469,673.7437133789062,111.19342041015625
2025-11-06,269.0089416503906,310.4239501953125,495.04144287109375,666.514892578125,111.99547576904297
2025-11-07,267.7126159667969,311.20635986328125,494.7626037597656,667.1710815429688,114.6559829711914
2025-11-10,268.93035888671875,313.8607482910156,503.9045715332031,677.5818481445312,115.63410949707031
2025-11-11,274.73956298828125,312.6028747558594,506.573486328125,679.1329956054688,117.15998840332031
2025-11-12,272.9628601074219,317.34710693359375,509.0233154296875,679.5109252929688,115.53629302978516
2025-11-13,272.44384765625,306.5216064453125,501.205810546875,668.235107421875,116.19163513183594
2025-11-14,271.9048156738281,300.7076721191406,508.0672607421875,668.1256713867188,117.70126342773438
2025-11-17,266.9639892578125,297.4986572265625,505.3883972167969,661.901123046875,116.11270141601562
2025-11-18,266.9440612792969,296.5478515625,491.74517822265625,656.3427734375,117.44471740722656
2025-11-19,268.06195068359375,300.3709411621094,485.1027526855469,658.8783569335938,115.78709411621094
2025-11-20,265.7562561035156,295.5277099609375,477.3404846191406,648.8355712890625,115.46148681640625
2025-11-21,270.98651123046875,295.171142578125,471.04486083984375,655.2987670898438,115.52069091796875
2025-11-24,275.4083251953125,295.1513366699219,472.92059326171875,664.9437866210938,114.42547607421875
2025-11-25,276.4563903808594,300.103515625,475.90374755859375,671.1982421875,112.98491668701172
2025-11-26,277.0352783203125,304.6991882324219,484.3943786621094,675.8318481445312,113.241455078125
2025-11-28,278.3328857421875,310.087158203125,490.88958740234375,679.5208129882812,114.37613677978516
2025-12-01,282.57501220703125,305.9669494628906,485.6315612792969,676.41845703125,115.0766830444336
2025-12-02,285.6592712402344,304.9368896484375,488.8841552734375,677.67138671875,113.84333038330078
2025-12-03,283.623046875,309.1462707519531,476.64208984375,680.0180053710938,116.2311019897461
2025-12-04,280.179443359375,313.0783386230469,479.7449951171875,680.51513671875,115.57988739013672
2025-12-05,278.26300048828125,312.0284729003906,482.0597229003906,681.8078002929688,114.9878921508789
2025-12-08,277.3746643066406,312.1968078613281,489.9018249511719,679.7594604492188,114.43534088134766
2025-12-09,276.66595458984375,297.6373596191406,490.8995361328125,679.1727905273438,116.67510986328125
2025-12-10,278.26300048828125,307.1455383300781,477.4701843261719,683.6771850585938,117.94792938232422
2025-12-11,277.514404296875,314.3460693359375,482.3690185546875,685.26806640625,117.94792938232422
2025-12-12,277.7639465332031,315.4751892089844,477.4402770996094,677.9000854492188,117.23751831054688
2025-12-15,273.6016540527344,316.9608154296875,473.73870849609375,676.8758544921875,116.19164276123047
2025-12-16,274.1007385253906,312.5335693359375,475.3051452636719,675.0264282226562,113.15265655517578
2025-12-17,271.33587646484375,311.9690246582031,475.0357360839844,667.5986938476562,115.84630584716797
2025-12-18,271.68524169921875,310.0079345703125,482.87786865234375,672.6399536132812,114.9878921508789
2025-12-19,273.1625061035156,314.17767333984375,484.8134460449219,678.7363891601562,115.1358871459961
2025-12-22,270.4674987792969,320.0014953613281,483.81573486328125,682.96484375,116.57644653320312
2025-12-23,271.85491943359375,322.8143310546875,485.7413330078125,686.0863037109375,117.82952880859375
2025-12-24,273.3022155761719,326.02337646484375,486.90863037109375,688.4996948242188,117.63218688964844
2025-12-26,272.8929748535156,324.7754211425781,486.599365234375,688.4298706054688,117.5236587524414
2025-12-29,273.2523498535156,320.6551818847656,485.9907531738281,685.9765625,118.92474365234375
2025-12-30,272.5735778808594,320.328369140625,486.3699035644531,685.138916015625,119.37861633300781
2025-12-31,271.3558349609375,319.1398010253906,482.5186767578125,680.062744140625,118.73727416992188
2026-01-02,270.5074157714844,322.36865234375,471.8630065917969,681.309326171875,121.01651763916016
2026-01-05,266.7643737792969,330.8468322753906,471.773193359375,685.846923828125,123.69042205810547
2026-01-06,261.8734436035156,332.90625,477.4203186035156,689.92578125,119.43782043457031
2026-01-07,259.8471984863281,325.3250732421875,482.3690185546875,687.701904296875,116.91191101074219
2026-01-08,258.55963134765625,328.11083984375,477.0212097167969,687.632080078125,121.27305603027344
2026-01-09,258.8890075683594,327.5138854980469,478.1885681152344,692.1796264648438,122.95040893554688
2026-01-12,259.76739501953125,322.8377990722656,476.09332275390625,693.2666625976562,122.37812805175781
2026-01-13,260.5658874511719,309.3169860839844,469.5981750488281,691.8804931640625,124.85469818115234
2026-01-14,259.4779052734375,306.30242919921875,458.3338928222656,688.479736328125,128.4659423828125
2026-01-15,257.73114013671875,307.68536376953125,455.6200866699219,690.3546142578125,127.41020965576172
2026-01-16,255.05613708496094,310.8789978027344,458.8127746582031,689.7761840820312,128.1600799560547
2026-01-20,246.2425079345703,301.19854736328125,453.48492431640625,675.7345581054688,128.72250366210938
2026-01-21,247.1907501220703,300.50213623046875,443.0986328125,683.5332641601562,131.83055114746094
2026-01-22,247.8894500732422,302.0840148925781,450.1126403808594,687.103515625,131.8601531982422
2026-01-23,247.58001708984375,296.2041015625,464.888916015625,687.352783203125,133.17242431640625
2026-01-26,254.9363555908203,299.5072021484375,469.20904541015625,690.84326171875,133.0441436767578
2026-01-27,257.791015625,298.7809143066406,479.485595703125,693.5957641601562,135.00765991210938
2026-01-28,255.96446228027344,299.2385559082031,480.533203125,693.5259399414062,135.74766540527344
2026-01-29,257.801025390625,304.8598327636719,432.5128173828125,692.1497192382812,138.63864135742188
2026-01-30,258.9988098144531,304.33251953125,429.31011962890625,690.0853271484375,139.51678466796875
2026-02-02,269.5093078613281,306.5710754394531,422.4058837890625,693.5159912109375,136.55674743652344
2026-02-03,268.98028564453125,313.24688720703125,410.2735595703125,687.6520385742188,141.81576538085938
2026-02-04,275.97723388671875,315.654541015625,413.2467956542969,684.3211059570312,145.6243438720703
2026-02-05,275.3983459472656,308.5807800292969,392.7735290527344,675.7744750976562,144.13446044921875
2026-02-06,277.6042175292969,320.7584533691406,400.22650146484375,688.739013671875,147.06491088867188
2026-02-09,274.3672180175781,320.4599914550781,412.65814208984375,692.0599975585938,149.19615173339844
2026-02-10,273.4280700683594,316.659423828125,412.328857421875,690.2349243164062,149.57107543945312
2026-02-11,275.24639892578125,309.2374267578125,403.4491271972656,690.075439453125,153.4882049560547
2026-02-12,261.4891052246094,301.09906005859375,400.9248962402344,679.41455078125,148.91920471191406
2026-02-13,255.5445556640625,301.0094909667969,400.4060974121094,679.8931884765625,147.44918823242188
2026-02-17,263.6371154785156,305.5661926269531,395.95623779296875,680.9901733398438,145.20443725585938
2026-02-18,264.106689453125,307.2077941894531,398.69000244140625,684.4208374023438,149.66415405273438
2026-02-19,260.3401184082031,306.48150634765625,398.4599914550781,682.61572265625,149.95220947265625
2026-02-20,264.3364562988281,309.20758056640625,397.2300109863281,687.5523071289062,146.28707885742188
2026-02-23,265.9349670410156,296.1543884277344,384.4700012207031,680.531494140625,149.74362182617188
2026-02-24,271.8895263671875,295.7862243652344,389.0,685.4779052734375,148.25372314453125
2026-02-25,273.97760009765625,301.75567626953125,400.6000061035156,691.26220703125,148.05508422851562
2026-02-26,272.6987609863281,304.5712890625,401.7200012207031,687.422607421875,147.53857421875
2026-02-27,263.93682861328125,298.7709655761719,392.739990234375,684.1216430664062,151.47189331054688
2026-03-02,264.476318359375,296.044921875,398.54998779296875,684.5106201171875,153.1802978515625
2026-03-03,263.5072326660156,298.7311706542969,403.92999267578125,678.4771118164062,150.80641174316406
2026-03-04,262.2783508300781,297.8656311035156,405.20001220703125,683.2639770507812,148.80996704101562
2026-03-05,260.0504150390625,292.0553283691406,410.67999267578125,679.4544067382812,149.74362182617188
2026-03-06,257.2229919433594,288.0060729980469,408.9599914550781,670.5487060546875,150.1905975341797
2026-03-09,259.6407775878906,288.44384765625,409.4100036621094,676.4227294921875,149.42578125
2026-03-10,260.58990478515625,287.2598876953125,405.760009765625,675.3356323242188,147.13136291503906
2026-03-11,260.5699157714844,286.0560302734375,404.8800048828125,674.4879760742188,150.55809020996094
2026-03-12,255.52456665039062,281.44964599609375,401.8599853515625,664.2459106445312,152.4949493408203
2026-03-13,249.8897705078125,281.996826171875,395.54998779296875,660.4862060546875,155.06747436523438
2026-03-16,252.58729553222656,284.7029724121094,399.95001220703125,667.2078857421875,156.1699981689453
2026-03-17,253.99598693847656,285.42926025390625,399.4100036621094,668.9630126953125,157.73934936523438
2026-03-18,249.70994567871094,286.27490234375,391.7900085449219,659.6285400390625,156.52757263183594
2026-03-19,248.73085021972656,286.5037536621094,389.0199890136719,658.0029907226562,157.09373474121094
2026-03-20,247.76173400878906,285.1009216308594,381.8699951171875,648.5700073242188,158.5935516357422
2026-03-23,251.25851440429688,288.4338684082031,383.0,655.3800048828125,160.04371643066406
2026-03-24,251.4083709716797,290.91119384765625,372.739990234375,653.1799926757812,164.2650604248047
2026-03-25,252.38746643066406,293.91583251953125,371.0400085449219,656.8200073242188,162.1593475341797
2026-03-26,252.6572265625,290.1749572753906,365.9700012207031,645.0900268554688,164.31471252441406
2026-03-27,248.57098388671875,281.3998718261719,356.7699890136719,634.0900268554688,169.8372344970703
2026-03-30,246.40298461914062,282.32513427734375,358.9599914550781,631.969970703125,170.31399536132812
2026-03-31,253.55638122558594,292.6622314453125,370.1700134277344,650.3400268554688,168.51620483398438
2026-04-01,255.3946990966797,293.87603759765625,369.3699951171875,655.239990234375,159.69607543945312
2026-04-02,255.68443298339844,293.1000061035156,373.4599914550781,655.8300170898438,159.60667419433594
2026-04-06,258.6217041015625,295.45001220703125,372.8800048828125,658.9299926757812,162.2686004638672
2026-04-07,253.26666259765625,297.3999938964844,372.2900085449219,659.219970703125,162.8049774169922
2026-04-08,258.66168212890625,307.9700012207031,374.3299865722656,676.010009765625,155.16680908203125
2026-04-09,260.2502136230469,310.3299865722656,373.07000732421875,679.9099731445312,153.99476623535156
2026-04-10,260.240234375,309.8699951171875,370.8699951171875,679.4600219726562,151.4818115234375
2026-04-13,258.96142578125,313.67999267578125,384.3699951171875,686.0999755859375,151.61094665527344
2026-04-14,258.59173583984375,311.1199951171875,393.1099853515625,694.4600219726562,148.23387145996094
2026-04-15,266.18475341796875,305.92999267578125,411.2200012207031,699.9400024414062,148.0054168701172
2026-04-16,263.15753173828125,309.95001220703125,420.260009765625,701.6599731445312,150.9553985595703
2026-04-17,269.98126220703125,310.2900085449219,422.7900085449219,710.1400146484375,145.45274353027344
2026-04-20,272.79864501953125,316.989990234375,418.07000732421875,708.719970703125,146.6843719482422
2026-04-21,265.9250183105469,313.0,424.1600036621094,704.0800170898438,147.35980224609375
2026-04-22,272.9185791015625,313.0199890136719,432.9200134277344,711.2100219726562,148.4921112060547
2026-04-23,273.1783142089844,311.69000244140625,415.75,708.4500122070312,149.51516723632812
2026-04-24,270.81048583984375,308.2799987792969,424.6199951171875,713.9400024414062,147.90609741210938
2026-04-27,267.3636474609375,311.6300048828125,424.82000732421875,715.1699829101562,147.19094848632812
2026-04-28,270.4608154296875,311.45001220703125,429.25,711.6900024414062,149.5449676513672
2026-04-29,269.92132568359375,309.25,424.4599914550781,711.5800170898438,153.62725830078125
2026-04-30,271.1002502441406,313.2300109863281,407.7799987792969,718.6599731445312,153.28955078125
2026-05-01,279.88214111328125,312.4700012207031,414.44000244140625,720.6500244140625,151.72019958496094
2026-05-04,276.5751647949219,307.6499938964844,413.6199951171875,718.010009765625,152.65386962890625
2026-05-05,283.9184265136719,309.3999938964844,411.3800048828125,723.77001953125,153.83584594726562
2026-05-06,287.245361328125,314.8999938964844,413.9599914550781,733.8300170898438,147.6875762939453
2026-05-07,287.1754150390625,306.2699890136719,420.7699890136719,731.5800170898438,145.591796875
2026-05-08,293.0500183105469,302.1000061035156,415.1199951171875,737.6199951171875,143.59535217285156
2026-05-11,292.67999267578125,300.0,412.6600036621094,739.2999877929688,148.6708984375
2026-05-12,294.79998779296875,304.8800048828125,407.7699890136719,738.1799926757812,149.614501953125
2026-05-13,298.8699951171875,300.25,405.2099914550781,742.3099975585938,150.5481719970703
2026-05-14,298.2099914550781,299.9100036621094,409.42999267578125,748.1699829101562,151.75
2026-05-15,300.2300109863281,297.80999755859375,421.9200134277344,739.1699829101562,157.9199981689453
2026-05-18,297.8399963378906,300.7300109863281,423.5400085449219,738.6500244140625,160.49000549316406
2026-05-19,298.9700012207031,295.70001220703125,417.4200134277344,733.72998046875,162.5500030517578
2026-05-20,299.1199951171875,299.3320007324219,413.8999938964844,737.6799926757812,160.593994140625
